Campaign,Ad group,Keyword,Match type,Final URL
Timviz | Search | UA | Masters | Signups,Online booking RU,онлайн запись для мастера,Exact,https://timviz.com/ru/for-masters?utm_source=google&utm_medium=cpc&utm_campaign=ua_search_masters&utm_content={adgroupid}_{creative}&utm_term={keyword}
Timviz | Search | UA | Masters | Signups,Online booking RU,онлайн запись для мастеров,Exact,https://timviz.com/ru/for-masters?utm_source=google&utm_medium=cpc&utm_campaign=ua_search_masters&utm_content={adgroupid}_{creative}&utm_term={keyword}
Timviz | Search | UA | Masters | Signups,Online booking RU,сервис онлайн записи для мастеров,Exact,https://timviz.com/ru/for-masters?utm_source=google&utm_medium=cpc&utm_campaign=ua_search_masters&utm_content={adgroupid}_{creative}&utm_term={keyword}
Timviz | Search | UA | Masters | Signups,Online booking RU,онлайн календарь записи,Phrase,https://timviz.com/ru/for-masters?utm_source=google&utm_medium=cpc&utm_campaign=ua_search_masters&utm_content={adgroupid}_{creative}&utm_term={keyword}
Timviz | Search | UA | Masters | Signups,Salon CRM RU,crm для салона красоты,Exact,https://timviz.com/ru/for-masters?utm_source=google&utm_medium=cpc&utm_campaign=ua_search_masters&utm_content={adgroupid}_{creative}&utm_term={keyword}
Timviz | Search | UA | Masters | Signups,Salon CRM RU,срм для салона красоты,Exact,https://timviz.com/ru/for-masters?utm_source=google&utm_medium=cpc&utm_campaign=ua_search_masters&utm_content={adgroupid}_{creative}&utm_term={keyword}
Timviz | Search | UA | Masters | Signups,Salon CRM RU,программа для салона красоты,Phrase,https://timviz.com/ru/for-masters?utm_source=google&utm_medium=cpc&utm_campaign=ua_search_masters&utm_content={adgroupid}_{creative}&utm_term={keyword}
Timviz | Search | UA | Masters | Signups,Masters RU,запись клиентов для мастера,Exact,https://timviz.com/ru/for-masters?utm_source=google&utm_medium=cpc&utm_campaign=ua_search_masters&utm_content={adgroupid}_{creative}&utm_term={keyword}
Timviz | Search | UA | Masters | Signups,Masters RU,программа для мастера,Phrase,https://timviz.com/ru/for-masters?utm_source=google&utm_medium=cpc&utm_campaign=ua_search_masters&utm_content={adgroupid}_{creative}&utm_term={keyword}
Timviz | Search | UA | Masters | Signups,Beauty RU,приложение для мастера маникюра,Exact,https://timviz.com/ru/for-masters?utm_source=google&utm_medium=cpc&utm_campaign=ua_search_masters&utm_content={adgroupid}_{creative}&utm_term={keyword}
Timviz | Search | UA | Masters | Signups,Beauty RU,crm для мастера маникюра,Phrase,https://timviz.com/ru/for-masters?utm_source=google&utm_medium=cpc&utm_campaign=ua_search_masters&utm_content={adgroupid}_{creative}&utm_term={keyword}
Timviz | Search | UA | Masters | Signups,Barbers RU,онлайн запись для барбера,Exact,https://timviz.com/ru/for-masters?utm_source=google&utm_medium=cpc&utm_campaign=ua_search_masters&utm_content={adgroupid}_{creative}&utm_term={keyword}
Timviz | Search | UA | Masters | Signups,Barbers RU,программа для парикмахера,Phrase,https://timviz.com/ru/for-masters?utm_source=google&utm_medium=cpc&utm_campaign=ua_search_masters&utm_content={adgroupid}_{creative}&utm_term={keyword}
Timviz | Search | UA | Masters | Signups,Online booking UK,онлайн запис для майстра,Exact,https://timviz.com/uk/for-masters?utm_source=google&utm_medium=cpc&utm_campaign=ua_search_masters&utm_content={adgroupid}_{creative}&utm_term={keyword}
Timviz | Search | UA | Masters | Signups,Online booking UK,онлайн запис для майстрів,Exact,https://timviz.com/uk/for-masters?utm_source=google&utm_medium=cpc&utm_campaign=ua_search_masters&utm_content={adgroupid}_{creative}&utm_term={keyword}
Timviz | Search | UA | Masters | Signups,Online booking UK,сервіс онлайн запису,Phrase,https://timviz.com/uk/for-masters?utm_source=google&utm_medium=cpc&utm_campaign=ua_search_masters&utm_content={adgroupid}_{creative}&utm_term={keyword}
Timviz | Search | UA | Masters | Signups,Online booking UK,програма для салону краси,Exact,https://timviz.com/uk/for-masters?utm_source=google&utm_medium=cpc&utm_campaign=ua_search_masters&utm_content={adgroupid}_{creative}&utm_term={keyword}
Timviz | Search | UA | Masters | Signups,Online booking UK,календар записів для майстра,Phrase,https://timviz.com/uk/for-masters?utm_source=google&utm_medium=cpc&utm_campaign=ua_search_masters&utm_content={adgroupid}_{creative}&utm_term={keyword}
