List,Keyword,Match type,Language
Timviz Masters Shared Negatives,работа,Broad,RU
Timviz Masters Shared Negatives,вакансия,Broad,RU
Timviz Masters Shared Negatives,курсы,Broad,RU
Timviz Masters Shared Negatives,обучение,Broad,RU
Timviz Masters Shared Negatives,скачать,Broad,RU
Timviz Masters Shared Negatives,торрент,Broad,RU
Timviz Masters Shared Negatives,шаблон,Broad,RU
Timviz Masters Shared Negatives,excel,Broad,RU
Timviz Masters Shared Negatives,как сделать,Phrase,RU
Timviz Masters Shared Negatives,маникюр фото,Phrase,RU
Timviz Masters Shared Negatives,салон рядом,Phrase,RU
Timviz Masters Shared Negatives,записаться на маникюр,Phrase,RU
Timviz Masters Shared Negatives,booking.com,Broad,RU
Timviz Masters Shared Negatives,робота,Broad,UK
Timviz Masters Shared Negatives,вакансія,Broad,UK
Timviz Masters Shared Negatives,курси,Broad,UK
Timviz Masters Shared Negatives,навчання,Broad,UK
Timviz Masters Shared Negatives,скачати,Broad,UK
Timviz Masters Shared Negatives,шаблон,Broad,UK
Timviz Masters Shared Negatives,манікюр фото,Phrase,UK
Timviz Masters Shared Negatives,салон поруч,Phrase,UK
Timviz Masters Shared Negatives,записатися на манікюр,Phrase,UK
Timviz Masters Shared Negatives,job,Broad,EN
Timviz Masters Shared Negatives,course,Broad,EN
Timviz Masters Shared Negatives,training,Broad,EN
Timviz Masters Shared Negatives,download,Broad,EN
Timviz Masters Shared Negatives,template,Broad,EN
Timviz Masters Shared Negatives,salon near me,Phrase,EN
Timviz Masters Shared Negatives,book manicure,Phrase,EN
Timviz Masters Shared Negatives,hotel booking,Phrase,EN
