Campaign Name,Country,Action,Negative Keyword ID,Negative Keyword,Match Type,Status,Campaign ID,Ad Group ID,Level,Negative Group,Notes
TIVZ_UA_SR_EXACT_W1,Ukraine,CREATE,,teamviewer,EXACT,ACTIVE,,,CAMPAIGN,GLOBAL_NEGATIVE_EXACT,Fill Campaign ID after manual Apple Ads campaign creation. Leave Ad Group ID blank for campaign-level negatives.
TIVZ_UA_SR_EXACT_W1,Ukraine,CREATE,,team viewer,EXACT,ACTIVE,,,CAMPAIGN,GLOBAL_NEGATIVE_EXACT,Fill Campaign ID after manual Apple Ads campaign creation. Leave Ad Group ID blank for campaign-level negatives.
TIVZ_UA_SR_EXACT_W1,Ukraine,CREATE,,teamviewer remote,EXACT,ACTIVE,,,CAMPAIGN,GLOBAL_NEGATIVE_EXACT,Fill Campaign ID after manual Apple Ads campaign creation. Leave Ad Group ID blank for campaign-level negatives.
TIVZ_UA_SR_EXACT_W1,Ukraine,CREATE,,anydesk,EXACT,ACTIVE,,,CAMPAIGN,GLOBAL_NEGATIVE_EXACT,Fill Campaign ID after manual Apple Ads campaign creation. Leave Ad Group ID blank for campaign-level negatives.
TIVZ_UA_SR_EXACT_W1,Ukraine,CREATE,,remote desktop,EXACT,ACTIVE,,,CAMPAIGN,GLOBAL_NEGATIVE_EXACT,Fill Campaign ID after manual Apple Ads campaign creation. Leave Ad Group ID blank for campaign-level negatives.
TIVZ_UA_SR_EXACT_W1,Ukraine,CREATE,,time tracker,EXACT,ACTIVE,,,CAMPAIGN,GLOBAL_NEGATIVE_EXACT,Fill Campaign ID after manual Apple Ads campaign creation. Leave Ad Group ID blank for campaign-level negatives.
TIVZ_UA_SR_EXACT_W1,Ukraine,CREATE,,time tracking,EXACT,ACTIVE,,,CAMPAIGN,GLOBAL_NEGATIVE_EXACT,Fill Campaign ID after manual Apple Ads campaign creation. Leave Ad Group ID blank for campaign-level negatives.
TIVZ_UA_SR_EXACT_W1,Ukraine,CREATE,,timesheet,EXACT,ACTIVE,,,CAMPAIGN,GLOBAL_NEGATIVE_EXACT,Fill Campaign ID after manual Apple Ads campaign creation. Leave Ad Group ID blank for campaign-level negatives.
TIVZ_UA_SR_EXACT_W1,Ukraine,CREATE,,time clock,EXACT,ACTIVE,,,CAMPAIGN,GLOBAL_NEGATIVE_EXACT,Fill Campaign ID after manual Apple Ads campaign creation. Leave Ad Group ID blank for campaign-level negatives.
TIVZ_UA_SR_EXACT_W1,Ukraine,CREATE,,pomodoro,EXACT,ACTIVE,,,CAMPAIGN,GLOBAL_NEGATIVE_EXACT,Fill Campaign ID after manual Apple Ads campaign creation. Leave Ad Group ID blank for campaign-level negatives.
TIVZ_UA_SR_EXACT_W1,Ukraine,CREATE,,stopwatch,EXACT,ACTIVE,,,CAMPAIGN,GLOBAL_NEGATIVE_EXACT,Fill Campaign ID after manual Apple Ads campaign creation. Leave Ad Group ID blank for campaign-level negatives.
TIVZ_UA_SR_EXACT_W1,Ukraine,CREATE,,timer,EXACT,ACTIVE,,,CAMPAIGN,GLOBAL_NEGATIVE_EXACT,Fill Campaign ID after manual Apple Ads campaign creation. Leave Ad Group ID blank for campaign-level negatives.
TIVZ_UA_SR_EXACT_W1,Ukraine,CREATE,,todo,EXACT,ACTIVE,,,CAMPAIGN,GLOBAL_NEGATIVE_EXACT,Fill Campaign ID after manual Apple Ads campaign creation. Leave Ad Group ID blank for campaign-level negatives.
TIVZ_UA_SR_EXACT_W1,Ukraine,CREATE,,to do,EXACT,ACTIVE,,,CAMPAIGN,GLOBAL_NEGATIVE_EXACT,Fill Campaign ID after manual Apple Ads campaign creation. Leave Ad Group ID blank for campaign-level negatives.
TIVZ_UA_SR_EXACT_W1,Ukraine,CREATE,,to do list,EXACT,ACTIVE,,,CAMPAIGN,GLOBAL_NEGATIVE_EXACT,Fill Campaign ID after manual Apple Ads campaign creation. Leave Ad Group ID blank for campaign-level negatives.
TIVZ_UA_SR_EXACT_W1,Ukraine,CREATE,,notes,EXACT,ACTIVE,,,CAMPAIGN,GLOBAL_NEGATIVE_EXACT,Fill Campaign ID after manual Apple Ads campaign creation. Leave Ad Group ID blank for campaign-level negatives.
TIVZ_UA_SR_EXACT_W1,Ukraine,CREATE,,notion,EXACT,ACTIVE,,,CAMPAIGN,GLOBAL_NEGATIVE_EXACT,Fill Campaign ID after manual Apple Ads campaign creation. Leave Ad Group ID blank for campaign-level negatives.
TIVZ_UA_SR_EXACT_W1,Ukraine,CREATE,,google calendar,EXACT,ACTIVE,,,CAMPAIGN,GLOBAL_NEGATIVE_EXACT,Fill Campaign ID after manual Apple Ads campaign creation. Leave Ad Group ID blank for campaign-level negatives.
TIVZ_UA_SR_EXACT_W1,Ukraine,CREATE,,outlook calendar,EXACT,ACTIVE,,,CAMPAIGN,GLOBAL_NEGATIVE_EXACT,Fill Campaign ID after manual Apple Ads campaign creation. Leave Ad Group ID blank for campaign-level negatives.
TIVZ_UA_SR_EXACT_W1,Ukraine,CREATE,,calendar google,EXACT,ACTIVE,,,CAMPAIGN,GLOBAL_NEGATIVE_EXACT,Fill Campaign ID after manual Apple Ads campaign creation. Leave Ad Group ID blank for campaign-level negatives.
TIVZ_UA_SR_EXACT_W1,Ukraine,CREATE,,game,EXACT,ACTIVE,,,CAMPAIGN,GLOBAL_NEGATIVE_EXACT,Fill Campaign ID after manual Apple Ads campaign creation. Leave Ad Group ID blank for campaign-level negatives.
TIVZ_UA_SR_EXACT_W1,Ukraine,CREATE,,games,EXACT,ACTIVE,,,CAMPAIGN,GLOBAL_NEGATIVE_EXACT,Fill Campaign ID after manual Apple Ads campaign creation. Leave Ad Group ID blank for campaign-level negatives.
TIVZ_UA_SR_EXACT_W1,Ukraine,CREATE,,photo,EXACT,ACTIVE,,,CAMPAIGN,GLOBAL_NEGATIVE_EXACT,Fill Campaign ID after manual Apple Ads campaign creation. Leave Ad Group ID blank for campaign-level negatives.
TIVZ_UA_SR_EXACT_W1,Ukraine,CREATE,,video,EXACT,ACTIVE,,,CAMPAIGN,GLOBAL_NEGATIVE_EXACT,Fill Campaign ID after manual Apple Ads campaign creation. Leave Ad Group ID blank for campaign-level negatives.
TIVZ_UA_SR_EXACT_W1,Ukraine,CREATE,,dating,EXACT,ACTIVE,,,CAMPAIGN,GLOBAL_NEGATIVE_EXACT,Fill Campaign ID after manual Apple Ads campaign creation. Leave Ad Group ID blank for campaign-level negatives.
TIVZ_UA_SR_EXACT_W1,Ukraine,CREATE,,jobs,EXACT,ACTIVE,,,CAMPAIGN,GLOBAL_NEGATIVE_EXACT,Fill Campaign ID after manual Apple Ads campaign creation. Leave Ad Group ID blank for campaign-level negatives.
TIVZ_UA_SR_EXACT_W1,Ukraine,CREATE,,job,EXACT,ACTIVE,,,CAMPAIGN,GLOBAL_NEGATIVE_EXACT,Fill Campaign ID after manual Apple Ads campaign creation. Leave Ad Group ID blank for campaign-level negatives.
TIVZ_UA_SR_EXACT_W1,Ukraine,CREATE,,vacancy,EXACT,ACTIVE,,,CAMPAIGN,GLOBAL_NEGATIVE_EXACT,Fill Campaign ID after manual Apple Ads campaign creation. Leave Ad Group ID blank for campaign-level negatives.
TIVZ_UA_SR_EXACT_W1,Ukraine,CREATE,,course,EXACT,ACTIVE,,,CAMPAIGN,GLOBAL_NEGATIVE_EXACT,Fill Campaign ID after manual Apple Ads campaign creation. Leave Ad Group ID blank for campaign-level negatives.
TIVZ_UA_SR_EXACT_W1,Ukraine,CREATE,,training,EXACT,ACTIVE,,,CAMPAIGN,GLOBAL_NEGATIVE_EXACT,Fill Campaign ID after manual Apple Ads campaign creation. Leave Ad Group ID blank for campaign-level negatives.
TIVZ_UA_SR_EXACT_W1,Ukraine,CREATE,,template,EXACT,ACTIVE,,,CAMPAIGN,GLOBAL_NEGATIVE_EXACT,Fill Campaign ID after manual Apple Ads campaign creation. Leave Ad Group ID blank for campaign-level negatives.
TIVZ_UA_SR_EXACT_W1,Ukraine,CREATE,,excel,EXACT,ACTIVE,,,CAMPAIGN,GLOBAL_NEGATIVE_EXACT,Fill Campaign ID after manual Apple Ads campaign creation. Leave Ad Group ID blank for campaign-level negatives.
TIVZ_UA_SR_EXACT_W1,Ukraine,CREATE,,spreadsheet,EXACT,ACTIVE,,,CAMPAIGN,GLOBAL_NEGATIVE_EXACT,Fill Campaign ID after manual Apple Ads campaign creation. Leave Ad Group ID blank for campaign-level negatives.
TIVZ_UA_SR_EXACT_W1,Ukraine,CREATE,,free download,EXACT,ACTIVE,,,CAMPAIGN,GLOBAL_NEGATIVE_EXACT,Fill Campaign ID after manual Apple Ads campaign creation. Leave Ad Group ID blank for campaign-level negatives.
TIVZ_UA_SR_EXACT_W1,Ukraine,CREATE,,download free,EXACT,ACTIVE,,,CAMPAIGN,GLOBAL_NEGATIVE_EXACT,Fill Campaign ID after manual Apple Ads campaign creation. Leave Ad Group ID blank for campaign-level negatives.
TIVZ_UA_SR_EXACT_W1,Ukraine,CREATE,,тимвьювер,EXACT,ACTIVE,,,CAMPAIGN,RU_NEGATIVE_EXACT,Fill Campaign ID after manual Apple Ads campaign creation. Leave Ad Group ID blank for campaign-level negatives.
TIVZ_UA_SR_EXACT_W1,Ukraine,CREATE,,тимвювер,EXACT,ACTIVE,,,CAMPAIGN,RU_NEGATIVE_EXACT,Fill Campaign ID after manual Apple Ads campaign creation. Leave Ad Group ID blank for campaign-level negatives.
TIVZ_UA_SR_EXACT_W1,Ukraine,CREATE,,тим вьювер,EXACT,ACTIVE,,,CAMPAIGN,RU_NEGATIVE_EXACT,Fill Campaign ID after manual Apple Ads campaign creation. Leave Ad Group ID blank for campaign-level negatives.
TIVZ_UA_SR_EXACT_W1,Ukraine,CREATE,,удаленный доступ,EXACT,ACTIVE,,,CAMPAIGN,RU_NEGATIVE_EXACT,Fill Campaign ID after manual Apple Ads campaign creation. Leave Ad Group ID blank for campaign-level negatives.
TIVZ_UA_SR_EXACT_W1,Ukraine,CREATE,,таймер,EXACT,ACTIVE,,,CAMPAIGN,RU_NEGATIVE_EXACT,Fill Campaign ID after manual Apple Ads campaign creation. Leave Ad Group ID blank for campaign-level negatives.
TIVZ_UA_SR_EXACT_W1,Ukraine,CREATE,,секундомер,EXACT,ACTIVE,,,CAMPAIGN,RU_NEGATIVE_EXACT,Fill Campaign ID after manual Apple Ads campaign creation. Leave Ad Group ID blank for campaign-level negatives.
TIVZ_UA_SR_EXACT_W1,Ukraine,CREATE,,помодоро,EXACT,ACTIVE,,,CAMPAIGN,RU_NEGATIVE_EXACT,Fill Campaign ID after manual Apple Ads campaign creation. Leave Ad Group ID blank for campaign-level negatives.
TIVZ_UA_SR_EXACT_W1,Ukraine,CREATE,,трекер времени,EXACT,ACTIVE,,,CAMPAIGN,RU_NEGATIVE_EXACT,Fill Campaign ID after manual Apple Ads campaign creation. Leave Ad Group ID blank for campaign-level negatives.
TIVZ_UA_SR_EXACT_W1,Ukraine,CREATE,,учет времени,EXACT,ACTIVE,,,CAMPAIGN,RU_NEGATIVE_EXACT,Fill Campaign ID after manual Apple Ads campaign creation. Leave Ad Group ID blank for campaign-level negatives.
TIVZ_UA_SR_EXACT_W1,Ukraine,CREATE,,список дел,EXACT,ACTIVE,,,CAMPAIGN,RU_NEGATIVE_EXACT,Fill Campaign ID after manual Apple Ads campaign creation. Leave Ad Group ID blank for campaign-level negatives.
TIVZ_UA_SR_EXACT_W1,Ukraine,CREATE,,заметки,EXACT,ACTIVE,,,CAMPAIGN,RU_NEGATIVE_EXACT,Fill Campaign ID after manual Apple Ads campaign creation. Leave Ad Group ID blank for campaign-level negatives.
TIVZ_UA_SR_EXACT_W1,Ukraine,CREATE,,гугл календарь,EXACT,ACTIVE,,,CAMPAIGN,RU_NEGATIVE_EXACT,Fill Campaign ID after manual Apple Ads campaign creation. Leave Ad Group ID blank for campaign-level negatives.
TIVZ_UA_SR_EXACT_W1,Ukraine,CREATE,,календарь google,EXACT,ACTIVE,,,CAMPAIGN,RU_NEGATIVE_EXACT,Fill Campaign ID after manual Apple Ads campaign creation. Leave Ad Group ID blank for campaign-level negatives.
TIVZ_UA_SR_EXACT_W1,Ukraine,CREATE,,игры,EXACT,ACTIVE,,,CAMPAIGN,RU_NEGATIVE_EXACT,Fill Campaign ID after manual Apple Ads campaign creation. Leave Ad Group ID blank for campaign-level negatives.
TIVZ_UA_SR_EXACT_W1,Ukraine,CREATE,,игра,EXACT,ACTIVE,,,CAMPAIGN,RU_NEGATIVE_EXACT,Fill Campaign ID after manual Apple Ads campaign creation. Leave Ad Group ID blank for campaign-level negatives.
TIVZ_UA_SR_EXACT_W1,Ukraine,CREATE,,фото,EXACT,ACTIVE,,,CAMPAIGN,RU_NEGATIVE_EXACT,Fill Campaign ID after manual Apple Ads campaign creation. Leave Ad Group ID blank for campaign-level negatives.
TIVZ_UA_SR_EXACT_W1,Ukraine,CREATE,,видео,EXACT,ACTIVE,,,CAMPAIGN,RU_NEGATIVE_EXACT,Fill Campaign ID after manual Apple Ads campaign creation. Leave Ad Group ID blank for campaign-level negatives.
TIVZ_UA_SR_EXACT_W1,Ukraine,CREATE,,знакомства,EXACT,ACTIVE,,,CAMPAIGN,RU_NEGATIVE_EXACT,Fill Campaign ID after manual Apple Ads campaign creation. Leave Ad Group ID blank for campaign-level negatives.
TIVZ_UA_SR_EXACT_W1,Ukraine,CREATE,,работа,EXACT,ACTIVE,,,CAMPAIGN,RU_NEGATIVE_EXACT,Fill Campaign ID after manual Apple Ads campaign creation. Leave Ad Group ID blank for campaign-level negatives.
TIVZ_UA_SR_EXACT_W1,Ukraine,CREATE,,вакансии,EXACT,ACTIVE,,,CAMPAIGN,RU_NEGATIVE_EXACT,Fill Campaign ID after manual Apple Ads campaign creation. Leave Ad Group ID blank for campaign-level negatives.
TIVZ_UA_SR_EXACT_W1,Ukraine,CREATE,,курсы,EXACT,ACTIVE,,,CAMPAIGN,RU_NEGATIVE_EXACT,Fill Campaign ID after manual Apple Ads campaign creation. Leave Ad Group ID blank for campaign-level negatives.
TIVZ_UA_SR_EXACT_W1,Ukraine,CREATE,,обучение,EXACT,ACTIVE,,,CAMPAIGN,RU_NEGATIVE_EXACT,Fill Campaign ID after manual Apple Ads campaign creation. Leave Ad Group ID blank for campaign-level negatives.
TIVZ_UA_SR_EXACT_W1,Ukraine,CREATE,,шаблон,EXACT,ACTIVE,,,CAMPAIGN,RU_NEGATIVE_EXACT,Fill Campaign ID after manual Apple Ads campaign creation. Leave Ad Group ID blank for campaign-level negatives.
TIVZ_UA_SR_EXACT_W1,Ukraine,CREATE,,эксель,EXACT,ACTIVE,,,CAMPAIGN,RU_NEGATIVE_EXACT,Fill Campaign ID after manual Apple Ads campaign creation. Leave Ad Group ID blank for campaign-level negatives.
TIVZ_UA_SR_EXACT_W1,Ukraine,CREATE,,таблица,EXACT,ACTIVE,,,CAMPAIGN,RU_NEGATIVE_EXACT,Fill Campaign ID after manual Apple Ads campaign creation. Leave Ad Group ID blank for campaign-level negatives.
TIVZ_UA_SR_EXACT_W1,Ukraine,CREATE,,скачать бесплатно,EXACT,ACTIVE,,,CAMPAIGN,RU_NEGATIVE_EXACT,Fill Campaign ID after manual Apple Ads campaign creation. Leave Ad Group ID blank for campaign-level negatives.
TIVZ_UA_SR_EXACT_W1,Ukraine,CREATE,,бесплатно,EXACT,ACTIVE,,,CAMPAIGN,RU_NEGATIVE_EXACT,Fill Campaign ID after manual Apple Ads campaign creation. Leave Ad Group ID blank for campaign-level negatives.
TIVZ_UA_SR_EXACT_W1,Ukraine,CREATE,,салон рядом,EXACT,ACTIVE,,,CAMPAIGN,RU_NEGATIVE_EXACT,Fill Campaign ID after manual Apple Ads campaign creation. Leave Ad Group ID blank for campaign-level negatives.
TIVZ_UA_SR_EXACT_W1,Ukraine,CREATE,,маникюр рядом,EXACT,ACTIVE,,,CAMPAIGN,RU_NEGATIVE_EXACT,Fill Campaign ID after manual Apple Ads campaign creation. Leave Ad Group ID blank for campaign-level negatives.
TIVZ_UA_SR_EXACT_W1,Ukraine,CREATE,,барбер рядом,EXACT,ACTIVE,,,CAMPAIGN,RU_NEGATIVE_EXACT,Fill Campaign ID after manual Apple Ads campaign creation. Leave Ad Group ID blank for campaign-level negatives.
TIVZ_UA_SR_EXACT_W1,Ukraine,CREATE,,парикмахер рядом,EXACT,ACTIVE,,,CAMPAIGN,RU_NEGATIVE_EXACT,Fill Campaign ID after manual Apple Ads campaign creation. Leave Ad Group ID blank for campaign-level negatives.
TIVZ_UA_SR_EXACT_W1,Ukraine,CREATE,,косметолог рядом,EXACT,ACTIVE,,,CAMPAIGN,RU_NEGATIVE_EXACT,Fill Campaign ID after manual Apple Ads campaign creation. Leave Ad Group ID blank for campaign-level negatives.
TIVZ_UA_SR_EXACT_W1,Ukraine,CREATE,,массаж рядом,EXACT,ACTIVE,,,CAMPAIGN,RU_NEGATIVE_EXACT,Fill Campaign ID after manual Apple Ads campaign creation. Leave Ad Group ID blank for campaign-level negatives.
TIVZ_UA_SR_EXACT_W1,Ukraine,CREATE,,записаться на маникюр,EXACT,ACTIVE,,,CAMPAIGN,RU_NEGATIVE_EXACT,Fill Campaign ID after manual Apple Ads campaign creation. Leave Ad Group ID blank for campaign-level negatives.
TIVZ_UA_SR_EXACT_W1,Ukraine,CREATE,,записаться к парикмахеру,EXACT,ACTIVE,,,CAMPAIGN,RU_NEGATIVE_EXACT,Fill Campaign ID after manual Apple Ads campaign creation. Leave Ad Group ID blank for campaign-level negatives.
TIVZ_UA_SR_EXACT_W1,Ukraine,CREATE,,записаться к барберу,EXACT,ACTIVE,,,CAMPAIGN,RU_NEGATIVE_EXACT,Fill Campaign ID after manual Apple Ads campaign creation. Leave Ad Group ID blank for campaign-level negatives.
TIVZ_UA_SR_EXACT_W1,Ukraine,CREATE,,записаться к косметологу,EXACT,ACTIVE,,,CAMPAIGN,RU_NEGATIVE_EXACT,Fill Campaign ID after manual Apple Ads campaign creation. Leave Ad Group ID blank for campaign-level negatives.
TIVZ_UA_SR_EXACT_W1,Ukraine,CREATE,,записаться на массаж,EXACT,ACTIVE,,,CAMPAIGN,RU_NEGATIVE_EXACT,Fill Campaign ID after manual Apple Ads campaign creation. Leave Ad Group ID blank for campaign-level negatives.
TIVZ_UA_SR_EXACT_W1,Ukraine,CREATE,,цена маникюра,EXACT,ACTIVE,,,CAMPAIGN,RU_NEGATIVE_EXACT,Fill Campaign ID after manual Apple Ads campaign creation. Leave Ad Group ID blank for campaign-level negatives.
TIVZ_UA_SR_EXACT_W1,Ukraine,CREATE,,цены салон,EXACT,ACTIVE,,,CAMPAIGN,RU_NEGATIVE_EXACT,Fill Campaign ID after manual Apple Ads campaign creation. Leave Ad Group ID blank for campaign-level negatives.
TIVZ_UA_SR_EXACT_W1,Ukraine,CREATE,,адрес салона,EXACT,ACTIVE,,,CAMPAIGN,RU_NEGATIVE_EXACT,Fill Campaign ID after manual Apple Ads campaign creation. Leave Ad Group ID blank for campaign-level negatives.
TIVZ_UA_SR_EXACT_W1,Ukraine,CREATE,,отзывы салон,EXACT,ACTIVE,,,CAMPAIGN,RU_NEGATIVE_EXACT,Fill Campaign ID after manual Apple Ads campaign creation. Leave Ad Group ID blank for campaign-level negatives.
TIVZ_UA_SR_EXACT_W1,Ukraine,CREATE,,лучший салон,EXACT,ACTIVE,,,CAMPAIGN,RU_NEGATIVE_EXACT,Fill Campaign ID after manual Apple Ads campaign creation. Leave Ad Group ID blank for campaign-level negatives.
TIVZ_UA_SR_EXACT_W1,Ukraine,CREATE,,салон возле меня,EXACT,ACTIVE,,,CAMPAIGN,RU_NEGATIVE_EXACT,Fill Campaign ID after manual Apple Ads campaign creation. Leave Ad Group ID blank for campaign-level negatives.
TIVZ_UA_SR_EXACT_W1,Ukraine,CREATE,,записаться маникюр,BROAD,ACTIVE,,,CAMPAIGN,RU_NEGATIVE_BROAD,Fill Campaign ID after manual Apple Ads campaign creation. Leave Ad Group ID blank for campaign-level negatives.
TIVZ_UA_SR_EXACT_W1,Ukraine,CREATE,,записаться парикмахер,BROAD,ACTIVE,,,CAMPAIGN,RU_NEGATIVE_BROAD,Fill Campaign ID after manual Apple Ads campaign creation. Leave Ad Group ID blank for campaign-level negatives.
TIVZ_UA_SR_EXACT_W1,Ukraine,CREATE,,записаться барбер,BROAD,ACTIVE,,,CAMPAIGN,RU_NEGATIVE_BROAD,Fill Campaign ID after manual Apple Ads campaign creation. Leave Ad Group ID blank for campaign-level negatives.
TIVZ_UA_SR_EXACT_W1,Ukraine,CREATE,,записаться косметолог,BROAD,ACTIVE,,,CAMPAIGN,RU_NEGATIVE_BROAD,Fill Campaign ID after manual Apple Ads campaign creation. Leave Ad Group ID blank for campaign-level negatives.
TIVZ_UA_SR_EXACT_W1,Ukraine,CREATE,,записаться массаж,BROAD,ACTIVE,,,CAMPAIGN,RU_NEGATIVE_BROAD,Fill Campaign ID after manual Apple Ads campaign creation. Leave Ad Group ID blank for campaign-level negatives.
TIVZ_UA_SR_EXACT_W1,Ukraine,CREATE,,салон рядом,BROAD,ACTIVE,,,CAMPAIGN,RU_NEGATIVE_BROAD,Fill Campaign ID after manual Apple Ads campaign creation. Leave Ad Group ID blank for campaign-level negatives.
TIVZ_UA_SR_EXACT_W1,Ukraine,CREATE,,маникюр рядом,BROAD,ACTIVE,,,CAMPAIGN,RU_NEGATIVE_BROAD,Fill Campaign ID after manual Apple Ads campaign creation. Leave Ad Group ID blank for campaign-level negatives.
TIVZ_UA_SR_EXACT_W1,Ukraine,CREATE,,барбер рядом,BROAD,ACTIVE,,,CAMPAIGN,RU_NEGATIVE_BROAD,Fill Campaign ID after manual Apple Ads campaign creation. Leave Ad Group ID blank for campaign-level negatives.
TIVZ_UA_SR_EXACT_W1,Ukraine,CREATE,,парикмахер рядом,BROAD,ACTIVE,,,CAMPAIGN,RU_NEGATIVE_BROAD,Fill Campaign ID after manual Apple Ads campaign creation. Leave Ad Group ID blank for campaign-level negatives.
TIVZ_UA_SR_EXACT_W1,Ukraine,CREATE,,цена маникюра,BROAD,ACTIVE,,,CAMPAIGN,RU_NEGATIVE_BROAD,Fill Campaign ID after manual Apple Ads campaign creation. Leave Ad Group ID blank for campaign-level negatives.
TIVZ_UA_SR_EXACT_W1,Ukraine,CREATE,,адрес салона,BROAD,ACTIVE,,,CAMPAIGN,RU_NEGATIVE_BROAD,Fill Campaign ID after manual Apple Ads campaign creation. Leave Ad Group ID blank for campaign-level negatives.
TIVZ_UA_SR_EXACT_W1,Ukraine,CREATE,,отзывы салон,BROAD,ACTIVE,,,CAMPAIGN,RU_NEGATIVE_BROAD,Fill Campaign ID after manual Apple Ads campaign creation. Leave Ad Group ID blank for campaign-level negatives.
TIVZ_UA_SR_EXACT_W1,Ukraine,CREATE,,тімвʼювер,EXACT,ACTIVE,,,CAMPAIGN,UA_NEGATIVE_EXACT,Fill Campaign ID after manual Apple Ads campaign creation. Leave Ad Group ID blank for campaign-level negatives.
TIVZ_UA_SR_EXACT_W1,Ukraine,CREATE,,тімвювер,EXACT,ACTIVE,,,CAMPAIGN,UA_NEGATIVE_EXACT,Fill Campaign ID after manual Apple Ads campaign creation. Leave Ad Group ID blank for campaign-level negatives.
TIVZ_UA_SR_EXACT_W1,Ukraine,CREATE,,віддалений доступ,EXACT,ACTIVE,,,CAMPAIGN,UA_NEGATIVE_EXACT,Fill Campaign ID after manual Apple Ads campaign creation. Leave Ad Group ID blank for campaign-level negatives.
TIVZ_UA_SR_EXACT_W1,Ukraine,CREATE,,таймер,EXACT,ACTIVE,,,CAMPAIGN,UA_NEGATIVE_EXACT,Fill Campaign ID after manual Apple Ads campaign creation. Leave Ad Group ID blank for campaign-level negatives.
TIVZ_UA_SR_EXACT_W1,Ukraine,CREATE,,секундомір,EXACT,ACTIVE,,,CAMPAIGN,UA_NEGATIVE_EXACT,Fill Campaign ID after manual Apple Ads campaign creation. Leave Ad Group ID blank for campaign-level negatives.
TIVZ_UA_SR_EXACT_W1,Ukraine,CREATE,,помодоро,EXACT,ACTIVE,,,CAMPAIGN,UA_NEGATIVE_EXACT,Fill Campaign ID after manual Apple Ads campaign creation. Leave Ad Group ID blank for campaign-level negatives.
TIVZ_UA_SR_EXACT_W1,Ukraine,CREATE,,трекер часу,EXACT,ACTIVE,,,CAMPAIGN,UA_NEGATIVE_EXACT,Fill Campaign ID after manual Apple Ads campaign creation. Leave Ad Group ID blank for campaign-level negatives.
TIVZ_UA_SR_EXACT_W1,Ukraine,CREATE,,облік часу,EXACT,ACTIVE,,,CAMPAIGN,UA_NEGATIVE_EXACT,Fill Campaign ID after manual Apple Ads campaign creation. Leave Ad Group ID blank for campaign-level negatives.
TIVZ_UA_SR_EXACT_W1,Ukraine,CREATE,,список справ,EXACT,ACTIVE,,,CAMPAIGN,UA_NEGATIVE_EXACT,Fill Campaign ID after manual Apple Ads campaign creation. Leave Ad Group ID blank for campaign-level negatives.
TIVZ_UA_SR_EXACT_W1,Ukraine,CREATE,,нотатки,EXACT,ACTIVE,,,CAMPAIGN,UA_NEGATIVE_EXACT,Fill Campaign ID after manual Apple Ads campaign creation. Leave Ad Group ID blank for campaign-level negatives.
TIVZ_UA_SR_EXACT_W1,Ukraine,CREATE,,гугл календар,EXACT,ACTIVE,,,CAMPAIGN,UA_NEGATIVE_EXACT,Fill Campaign ID after manual Apple Ads campaign creation. Leave Ad Group ID blank for campaign-level negatives.
TIVZ_UA_SR_EXACT_W1,Ukraine,CREATE,,google календар,EXACT,ACTIVE,,,CAMPAIGN,UA_NEGATIVE_EXACT,Fill Campaign ID after manual Apple Ads campaign creation. Leave Ad Group ID blank for campaign-level negatives.
TIVZ_UA_SR_EXACT_W1,Ukraine,CREATE,,ігри,EXACT,ACTIVE,,,CAMPAIGN,UA_NEGATIVE_EXACT,Fill Campaign ID after manual Apple Ads campaign creation. Leave Ad Group ID blank for campaign-level negatives.
TIVZ_UA_SR_EXACT_W1,Ukraine,CREATE,,гра,EXACT,ACTIVE,,,CAMPAIGN,UA_NEGATIVE_EXACT,Fill Campaign ID after manual Apple Ads campaign creation. Leave Ad Group ID blank for campaign-level negatives.
TIVZ_UA_SR_EXACT_W1,Ukraine,CREATE,,фото,EXACT,ACTIVE,,,CAMPAIGN,UA_NEGATIVE_EXACT,Fill Campaign ID after manual Apple Ads campaign creation. Leave Ad Group ID blank for campaign-level negatives.
TIVZ_UA_SR_EXACT_W1,Ukraine,CREATE,,відео,EXACT,ACTIVE,,,CAMPAIGN,UA_NEGATIVE_EXACT,Fill Campaign ID after manual Apple Ads campaign creation. Leave Ad Group ID blank for campaign-level negatives.
TIVZ_UA_SR_EXACT_W1,Ukraine,CREATE,,знайомства,EXACT,ACTIVE,,,CAMPAIGN,UA_NEGATIVE_EXACT,Fill Campaign ID after manual Apple Ads campaign creation. Leave Ad Group ID blank for campaign-level negatives.
TIVZ_UA_SR_EXACT_W1,Ukraine,CREATE,,робота,EXACT,ACTIVE,,,CAMPAIGN,UA_NEGATIVE_EXACT,Fill Campaign ID after manual Apple Ads campaign creation. Leave Ad Group ID blank for campaign-level negatives.
TIVZ_UA_SR_EXACT_W1,Ukraine,CREATE,,вакансії,EXACT,ACTIVE,,,CAMPAIGN,UA_NEGATIVE_EXACT,Fill Campaign ID after manual Apple Ads campaign creation. Leave Ad Group ID blank for campaign-level negatives.
TIVZ_UA_SR_EXACT_W1,Ukraine,CREATE,,курси,EXACT,ACTIVE,,,CAMPAIGN,UA_NEGATIVE_EXACT,Fill Campaign ID after manual Apple Ads campaign creation. Leave Ad Group ID blank for campaign-level negatives.
TIVZ_UA_SR_EXACT_W1,Ukraine,CREATE,,навчання,EXACT,ACTIVE,,,CAMPAIGN,UA_NEGATIVE_EXACT,Fill Campaign ID after manual Apple Ads campaign creation. Leave Ad Group ID blank for campaign-level negatives.
TIVZ_UA_SR_EXACT_W1,Ukraine,CREATE,,шаблон,EXACT,ACTIVE,,,CAMPAIGN,UA_NEGATIVE_EXACT,Fill Campaign ID after manual Apple Ads campaign creation. Leave Ad Group ID blank for campaign-level negatives.
TIVZ_UA_SR_EXACT_W1,Ukraine,CREATE,,ексель,EXACT,ACTIVE,,,CAMPAIGN,UA_NEGATIVE_EXACT,Fill Campaign ID after manual Apple Ads campaign creation. Leave Ad Group ID blank for campaign-level negatives.
TIVZ_UA_SR_EXACT_W1,Ukraine,CREATE,,таблиця,EXACT,ACTIVE,,,CAMPAIGN,UA_NEGATIVE_EXACT,Fill Campaign ID after manual Apple Ads campaign creation. Leave Ad Group ID blank for campaign-level negatives.
TIVZ_UA_SR_EXACT_W1,Ukraine,CREATE,,скачати безкоштовно,EXACT,ACTIVE,,,CAMPAIGN,UA_NEGATIVE_EXACT,Fill Campaign ID after manual Apple Ads campaign creation. Leave Ad Group ID blank for campaign-level negatives.
TIVZ_UA_SR_EXACT_W1,Ukraine,CREATE,,безкоштовно,EXACT,ACTIVE,,,CAMPAIGN,UA_NEGATIVE_EXACT,Fill Campaign ID after manual Apple Ads campaign creation. Leave Ad Group ID blank for campaign-level negatives.
TIVZ_UA_SR_EXACT_W1,Ukraine,CREATE,,салон поруч,EXACT,ACTIVE,,,CAMPAIGN,UA_NEGATIVE_EXACT,Fill Campaign ID after manual Apple Ads campaign creation. Leave Ad Group ID blank for campaign-level negatives.
TIVZ_UA_SR_EXACT_W1,Ukraine,CREATE,,манікюр поруч,EXACT,ACTIVE,,,CAMPAIGN,UA_NEGATIVE_EXACT,Fill Campaign ID after manual Apple Ads campaign creation. Leave Ad Group ID blank for campaign-level negatives.
TIVZ_UA_SR_EXACT_W1,Ukraine,CREATE,,барбер поруч,EXACT,ACTIVE,,,CAMPAIGN,UA_NEGATIVE_EXACT,Fill Campaign ID after manual Apple Ads campaign creation. Leave Ad Group ID blank for campaign-level negatives.
TIVZ_UA_SR_EXACT_W1,Ukraine,CREATE,,перукар поруч,EXACT,ACTIVE,,,CAMPAIGN,UA_NEGATIVE_EXACT,Fill Campaign ID after manual Apple Ads campaign creation. Leave Ad Group ID blank for campaign-level negatives.
TIVZ_UA_SR_EXACT_W1,Ukraine,CREATE,,косметолог поруч,EXACT,ACTIVE,,,CAMPAIGN,UA_NEGATIVE_EXACT,Fill Campaign ID after manual Apple Ads campaign creation. Leave Ad Group ID blank for campaign-level negatives.
TIVZ_UA_SR_EXACT_W1,Ukraine,CREATE,,масаж поруч,EXACT,ACTIVE,,,CAMPAIGN,UA_NEGATIVE_EXACT,Fill Campaign ID after manual Apple Ads campaign creation. Leave Ad Group ID blank for campaign-level negatives.
TIVZ_UA_SR_EXACT_W1,Ukraine,CREATE,,записатися на манікюр,EXACT,ACTIVE,,,CAMPAIGN,UA_NEGATIVE_EXACT,Fill Campaign ID after manual Apple Ads campaign creation. Leave Ad Group ID blank for campaign-level negatives.
TIVZ_UA_SR_EXACT_W1,Ukraine,CREATE,,записатися до перукаря,EXACT,ACTIVE,,,CAMPAIGN,UA_NEGATIVE_EXACT,Fill Campaign ID after manual Apple Ads campaign creation. Leave Ad Group ID blank for campaign-level negatives.
TIVZ_UA_SR_EXACT_W1,Ukraine,CREATE,,записатися до барбера,EXACT,ACTIVE,,,CAMPAIGN,UA_NEGATIVE_EXACT,Fill Campaign ID after manual Apple Ads campaign creation. Leave Ad Group ID blank for campaign-level negatives.
TIVZ_UA_SR_EXACT_W1,Ukraine,CREATE,,записатися до косметолога,EXACT,ACTIVE,,,CAMPAIGN,UA_NEGATIVE_EXACT,Fill Campaign ID after manual Apple Ads campaign creation. Leave Ad Group ID blank for campaign-level negatives.
TIVZ_UA_SR_EXACT_W1,Ukraine,CREATE,,записатися на масаж,EXACT,ACTIVE,,,CAMPAIGN,UA_NEGATIVE_EXACT,Fill Campaign ID after manual Apple Ads campaign creation. Leave Ad Group ID blank for campaign-level negatives.
TIVZ_UA_SR_EXACT_W1,Ukraine,CREATE,,ціна манікюру,EXACT,ACTIVE,,,CAMPAIGN,UA_NEGATIVE_EXACT,Fill Campaign ID after manual Apple Ads campaign creation. Leave Ad Group ID blank for campaign-level negatives.
TIVZ_UA_SR_EXACT_W1,Ukraine,CREATE,,ціни салон,EXACT,ACTIVE,,,CAMPAIGN,UA_NEGATIVE_EXACT,Fill Campaign ID after manual Apple Ads campaign creation. Leave Ad Group ID blank for campaign-level negatives.
TIVZ_UA_SR_EXACT_W1,Ukraine,CREATE,,адреса салону,EXACT,ACTIVE,,,CAMPAIGN,UA_NEGATIVE_EXACT,Fill Campaign ID after manual Apple Ads campaign creation. Leave Ad Group ID blank for campaign-level negatives.
TIVZ_UA_SR_EXACT_W1,Ukraine,CREATE,,відгуки салон,EXACT,ACTIVE,,,CAMPAIGN,UA_NEGATIVE_EXACT,Fill Campaign ID after manual Apple Ads campaign creation. Leave Ad Group ID blank for campaign-level negatives.
TIVZ_UA_SR_EXACT_W1,Ukraine,CREATE,,найкращий салон,EXACT,ACTIVE,,,CAMPAIGN,UA_NEGATIVE_EXACT,Fill Campaign ID after manual Apple Ads campaign creation. Leave Ad Group ID blank for campaign-level negatives.
TIVZ_UA_SR_EXACT_W1,Ukraine,CREATE,,салон біля мене,EXACT,ACTIVE,,,CAMPAIGN,UA_NEGATIVE_EXACT,Fill Campaign ID after manual Apple Ads campaign creation. Leave Ad Group ID blank for campaign-level negatives.
TIVZ_UA_SR_EXACT_W1,Ukraine,CREATE,,записатися манікюр,BROAD,ACTIVE,,,CAMPAIGN,UA_NEGATIVE_BROAD,Fill Campaign ID after manual Apple Ads campaign creation. Leave Ad Group ID blank for campaign-level negatives.
TIVZ_UA_SR_EXACT_W1,Ukraine,CREATE,,записатися перукар,BROAD,ACTIVE,,,CAMPAIGN,UA_NEGATIVE_BROAD,Fill Campaign ID after manual Apple Ads campaign creation. Leave Ad Group ID blank for campaign-level negatives.
TIVZ_UA_SR_EXACT_W1,Ukraine,CREATE,,записатися барбер,BROAD,ACTIVE,,,CAMPAIGN,UA_NEGATIVE_BROAD,Fill Campaign ID after manual Apple Ads campaign creation. Leave Ad Group ID blank for campaign-level negatives.
TIVZ_UA_SR_EXACT_W1,Ukraine,CREATE,,записатися косметолог,BROAD,ACTIVE,,,CAMPAIGN,UA_NEGATIVE_BROAD,Fill Campaign ID after manual Apple Ads campaign creation. Leave Ad Group ID blank for campaign-level negatives.
TIVZ_UA_SR_EXACT_W1,Ukraine,CREATE,,записатися масаж,BROAD,ACTIVE,,,CAMPAIGN,UA_NEGATIVE_BROAD,Fill Campaign ID after manual Apple Ads campaign creation. Leave Ad Group ID blank for campaign-level negatives.
TIVZ_UA_SR_EXACT_W1,Ukraine,CREATE,,салон поруч,BROAD,ACTIVE,,,CAMPAIGN,UA_NEGATIVE_BROAD,Fill Campaign ID after manual Apple Ads campaign creation. Leave Ad Group ID blank for campaign-level negatives.
TIVZ_UA_SR_EXACT_W1,Ukraine,CREATE,,манікюр поруч,BROAD,ACTIVE,,,CAMPAIGN,UA_NEGATIVE_BROAD,Fill Campaign ID after manual Apple Ads campaign creation. Leave Ad Group ID blank for campaign-level negatives.
TIVZ_UA_SR_EXACT_W1,Ukraine,CREATE,,барбер поруч,BROAD,ACTIVE,,,CAMPAIGN,UA_NEGATIVE_BROAD,Fill Campaign ID after manual Apple Ads campaign creation. Leave Ad Group ID blank for campaign-level negatives.
TIVZ_UA_SR_EXACT_W1,Ukraine,CREATE,,перукар поруч,BROAD,ACTIVE,,,CAMPAIGN,UA_NEGATIVE_BROAD,Fill Campaign ID after manual Apple Ads campaign creation. Leave Ad Group ID blank for campaign-level negatives.
TIVZ_UA_SR_EXACT_W1,Ukraine,CREATE,,ціна манікюру,BROAD,ACTIVE,,,CAMPAIGN,UA_NEGATIVE_BROAD,Fill Campaign ID after manual Apple Ads campaign creation. Leave Ad Group ID blank for campaign-level negatives.
TIVZ_UA_SR_EXACT_W1,Ukraine,CREATE,,адреса салону,BROAD,ACTIVE,,,CAMPAIGN,UA_NEGATIVE_BROAD,Fill Campaign ID after manual Apple Ads campaign creation. Leave Ad Group ID blank for campaign-level negatives.
TIVZ_UA_SR_EXACT_W1,Ukraine,CREATE,,відгуки салон,BROAD,ACTIVE,,,CAMPAIGN,UA_NEGATIVE_BROAD,Fill Campaign ID after manual Apple Ads campaign creation. Leave Ad Group ID blank for campaign-level negatives.
TIVZ_KZ_SR_EXACT_W1,Kazakhstan,CREATE,,teamviewer,EXACT,ACTIVE,,,CAMPAIGN,GLOBAL_NEGATIVE_EXACT,Fill Campaign ID after manual Apple Ads campaign creation. Leave Ad Group ID blank for campaign-level negatives.
TIVZ_KZ_SR_EXACT_W1,Kazakhstan,CREATE,,team viewer,EXACT,ACTIVE,,,CAMPAIGN,GLOBAL_NEGATIVE_EXACT,Fill Campaign ID after manual Apple Ads campaign creation. Leave Ad Group ID blank for campaign-level negatives.
TIVZ_KZ_SR_EXACT_W1,Kazakhstan,CREATE,,teamviewer remote,EXACT,ACTIVE,,,CAMPAIGN,GLOBAL_NEGATIVE_EXACT,Fill Campaign ID after manual Apple Ads campaign creation. Leave Ad Group ID blank for campaign-level negatives.
TIVZ_KZ_SR_EXACT_W1,Kazakhstan,CREATE,,anydesk,EXACT,ACTIVE,,,CAMPAIGN,GLOBAL_NEGATIVE_EXACT,Fill Campaign ID after manual Apple Ads campaign creation. Leave Ad Group ID blank for campaign-level negatives.
TIVZ_KZ_SR_EXACT_W1,Kazakhstan,CREATE,,remote desktop,EXACT,ACTIVE,,,CAMPAIGN,GLOBAL_NEGATIVE_EXACT,Fill Campaign ID after manual Apple Ads campaign creation. Leave Ad Group ID blank for campaign-level negatives.
TIVZ_KZ_SR_EXACT_W1,Kazakhstan,CREATE,,time tracker,EXACT,ACTIVE,,,CAMPAIGN,GLOBAL_NEGATIVE_EXACT,Fill Campaign ID after manual Apple Ads campaign creation. Leave Ad Group ID blank for campaign-level negatives.
TIVZ_KZ_SR_EXACT_W1,Kazakhstan,CREATE,,time tracking,EXACT,ACTIVE,,,CAMPAIGN,GLOBAL_NEGATIVE_EXACT,Fill Campaign ID after manual Apple Ads campaign creation. Leave Ad Group ID blank for campaign-level negatives.
TIVZ_KZ_SR_EXACT_W1,Kazakhstan,CREATE,,timesheet,EXACT,ACTIVE,,,CAMPAIGN,GLOBAL_NEGATIVE_EXACT,Fill Campaign ID after manual Apple Ads campaign creation. Leave Ad Group ID blank for campaign-level negatives.
TIVZ_KZ_SR_EXACT_W1,Kazakhstan,CREATE,,time clock,EXACT,ACTIVE,,,CAMPAIGN,GLOBAL_NEGATIVE_EXACT,Fill Campaign ID after manual Apple Ads campaign creation. Leave Ad Group ID blank for campaign-level negatives.
TIVZ_KZ_SR_EXACT_W1,Kazakhstan,CREATE,,pomodoro,EXACT,ACTIVE,,,CAMPAIGN,GLOBAL_NEGATIVE_EXACT,Fill Campaign ID after manual Apple Ads campaign creation. Leave Ad Group ID blank for campaign-level negatives.
TIVZ_KZ_SR_EXACT_W1,Kazakhstan,CREATE,,stopwatch,EXACT,ACTIVE,,,CAMPAIGN,GLOBAL_NEGATIVE_EXACT,Fill Campaign ID after manual Apple Ads campaign creation. Leave Ad Group ID blank for campaign-level negatives.
TIVZ_KZ_SR_EXACT_W1,Kazakhstan,CREATE,,timer,EXACT,ACTIVE,,,CAMPAIGN,GLOBAL_NEGATIVE_EXACT,Fill Campaign ID after manual Apple Ads campaign creation. Leave Ad Group ID blank for campaign-level negatives.
TIVZ_KZ_SR_EXACT_W1,Kazakhstan,CREATE,,todo,EXACT,ACTIVE,,,CAMPAIGN,GLOBAL_NEGATIVE_EXACT,Fill Campaign ID after manual Apple Ads campaign creation. Leave Ad Group ID blank for campaign-level negatives.
TIVZ_KZ_SR_EXACT_W1,Kazakhstan,CREATE,,to do,EXACT,ACTIVE,,,CAMPAIGN,GLOBAL_NEGATIVE_EXACT,Fill Campaign ID after manual Apple Ads campaign creation. Leave Ad Group ID blank for campaign-level negatives.
TIVZ_KZ_SR_EXACT_W1,Kazakhstan,CREATE,,to do list,EXACT,ACTIVE,,,CAMPAIGN,GLOBAL_NEGATIVE_EXACT,Fill Campaign ID after manual Apple Ads campaign creation. Leave Ad Group ID blank for campaign-level negatives.
TIVZ_KZ_SR_EXACT_W1,Kazakhstan,CREATE,,notes,EXACT,ACTIVE,,,CAMPAIGN,GLOBAL_NEGATIVE_EXACT,Fill Campaign ID after manual Apple Ads campaign creation. Leave Ad Group ID blank for campaign-level negatives.
TIVZ_KZ_SR_EXACT_W1,Kazakhstan,CREATE,,notion,EXACT,ACTIVE,,,CAMPAIGN,GLOBAL_NEGATIVE_EXACT,Fill Campaign ID after manual Apple Ads campaign creation. Leave Ad Group ID blank for campaign-level negatives.
TIVZ_KZ_SR_EXACT_W1,Kazakhstan,CREATE,,google calendar,EXACT,ACTIVE,,,CAMPAIGN,GLOBAL_NEGATIVE_EXACT,Fill Campaign ID after manual Apple Ads campaign creation. Leave Ad Group ID blank for campaign-level negatives.
TIVZ_KZ_SR_EXACT_W1,Kazakhstan,CREATE,,outlook calendar,EXACT,ACTIVE,,,CAMPAIGN,GLOBAL_NEGATIVE_EXACT,Fill Campaign ID after manual Apple Ads campaign creation. Leave Ad Group ID blank for campaign-level negatives.
TIVZ_KZ_SR_EXACT_W1,Kazakhstan,CREATE,,calendar google,EXACT,ACTIVE,,,CAMPAIGN,GLOBAL_NEGATIVE_EXACT,Fill Campaign ID after manual Apple Ads campaign creation. Leave Ad Group ID blank for campaign-level negatives.
TIVZ_KZ_SR_EXACT_W1,Kazakhstan,CREATE,,game,EXACT,ACTIVE,,,CAMPAIGN,GLOBAL_NEGATIVE_EXACT,Fill Campaign ID after manual Apple Ads campaign creation. Leave Ad Group ID blank for campaign-level negatives.
TIVZ_KZ_SR_EXACT_W1,Kazakhstan,CREATE,,games,EXACT,ACTIVE,,,CAMPAIGN,GLOBAL_NEGATIVE_EXACT,Fill Campaign ID after manual Apple Ads campaign creation. Leave Ad Group ID blank for campaign-level negatives.
TIVZ_KZ_SR_EXACT_W1,Kazakhstan,CREATE,,photo,EXACT,ACTIVE,,,CAMPAIGN,GLOBAL_NEGATIVE_EXACT,Fill Campaign ID after manual Apple Ads campaign creation. Leave Ad Group ID blank for campaign-level negatives.
TIVZ_KZ_SR_EXACT_W1,Kazakhstan,CREATE,,video,EXACT,ACTIVE,,,CAMPAIGN,GLOBAL_NEGATIVE_EXACT,Fill Campaign ID after manual Apple Ads campaign creation. Leave Ad Group ID blank for campaign-level negatives.
TIVZ_KZ_SR_EXACT_W1,Kazakhstan,CREATE,,dating,EXACT,ACTIVE,,,CAMPAIGN,GLOBAL_NEGATIVE_EXACT,Fill Campaign ID after manual Apple Ads campaign creation. Leave Ad Group ID blank for campaign-level negatives.
TIVZ_KZ_SR_EXACT_W1,Kazakhstan,CREATE,,jobs,EXACT,ACTIVE,,,CAMPAIGN,GLOBAL_NEGATIVE_EXACT,Fill Campaign ID after manual Apple Ads campaign creation. Leave Ad Group ID blank for campaign-level negatives.
TIVZ_KZ_SR_EXACT_W1,Kazakhstan,CREATE,,job,EXACT,ACTIVE,,,CAMPAIGN,GLOBAL_NEGATIVE_EXACT,Fill Campaign ID after manual Apple Ads campaign creation. Leave Ad Group ID blank for campaign-level negatives.
TIVZ_KZ_SR_EXACT_W1,Kazakhstan,CREATE,,vacancy,EXACT,ACTIVE,,,CAMPAIGN,GLOBAL_NEGATIVE_EXACT,Fill Campaign ID after manual Apple Ads campaign creation. Leave Ad Group ID blank for campaign-level negatives.
TIVZ_KZ_SR_EXACT_W1,Kazakhstan,CREATE,,course,EXACT,ACTIVE,,,CAMPAIGN,GLOBAL_NEGATIVE_EXACT,Fill Campaign ID after manual Apple Ads campaign creation. Leave Ad Group ID blank for campaign-level negatives.
TIVZ_KZ_SR_EXACT_W1,Kazakhstan,CREATE,,training,EXACT,ACTIVE,,,CAMPAIGN,GLOBAL_NEGATIVE_EXACT,Fill Campaign ID after manual Apple Ads campaign creation. Leave Ad Group ID blank for campaign-level negatives.
TIVZ_KZ_SR_EXACT_W1,Kazakhstan,CREATE,,template,EXACT,ACTIVE,,,CAMPAIGN,GLOBAL_NEGATIVE_EXACT,Fill Campaign ID after manual Apple Ads campaign creation. Leave Ad Group ID blank for campaign-level negatives.
TIVZ_KZ_SR_EXACT_W1,Kazakhstan,CREATE,,excel,EXACT,ACTIVE,,,CAMPAIGN,GLOBAL_NEGATIVE_EXACT,Fill Campaign ID after manual Apple Ads campaign creation. Leave Ad Group ID blank for campaign-level negatives.
TIVZ_KZ_SR_EXACT_W1,Kazakhstan,CREATE,,spreadsheet,EXACT,ACTIVE,,,CAMPAIGN,GLOBAL_NEGATIVE_EXACT,Fill Campaign ID after manual Apple Ads campaign creation. Leave Ad Group ID blank for campaign-level negatives.
TIVZ_KZ_SR_EXACT_W1,Kazakhstan,CREATE,,free download,EXACT,ACTIVE,,,CAMPAIGN,GLOBAL_NEGATIVE_EXACT,Fill Campaign ID after manual Apple Ads campaign creation. Leave Ad Group ID blank for campaign-level negatives.
TIVZ_KZ_SR_EXACT_W1,Kazakhstan,CREATE,,download free,EXACT,ACTIVE,,,CAMPAIGN,GLOBAL_NEGATIVE_EXACT,Fill Campaign ID after manual Apple Ads campaign creation. Leave Ad Group ID blank for campaign-level negatives.
TIVZ_KZ_SR_EXACT_W1,Kazakhstan,CREATE,,тимвьювер,EXACT,ACTIVE,,,CAMPAIGN,RU_NEGATIVE_EXACT,Fill Campaign ID after manual Apple Ads campaign creation. Leave Ad Group ID blank for campaign-level negatives.
TIVZ_KZ_SR_EXACT_W1,Kazakhstan,CREATE,,тимвювер,EXACT,ACTIVE,,,CAMPAIGN,RU_NEGATIVE_EXACT,Fill Campaign ID after manual Apple Ads campaign creation. Leave Ad Group ID blank for campaign-level negatives.
TIVZ_KZ_SR_EXACT_W1,Kazakhstan,CREATE,,тим вьювер,EXACT,ACTIVE,,,CAMPAIGN,RU_NEGATIVE_EXACT,Fill Campaign ID after manual Apple Ads campaign creation. Leave Ad Group ID blank for campaign-level negatives.
TIVZ_KZ_SR_EXACT_W1,Kazakhstan,CREATE,,удаленный доступ,EXACT,ACTIVE,,,CAMPAIGN,RU_NEGATIVE_EXACT,Fill Campaign ID after manual Apple Ads campaign creation. Leave Ad Group ID blank for campaign-level negatives.
TIVZ_KZ_SR_EXACT_W1,Kazakhstan,CREATE,,таймер,EXACT,ACTIVE,,,CAMPAIGN,RU_NEGATIVE_EXACT,Fill Campaign ID after manual Apple Ads campaign creation. Leave Ad Group ID blank for campaign-level negatives.
TIVZ_KZ_SR_EXACT_W1,Kazakhstan,CREATE,,секундомер,EXACT,ACTIVE,,,CAMPAIGN,RU_NEGATIVE_EXACT,Fill Campaign ID after manual Apple Ads campaign creation. Leave Ad Group ID blank for campaign-level negatives.
TIVZ_KZ_SR_EXACT_W1,Kazakhstan,CREATE,,помодоро,EXACT,ACTIVE,,,CAMPAIGN,RU_NEGATIVE_EXACT,Fill Campaign ID after manual Apple Ads campaign creation. Leave Ad Group ID blank for campaign-level negatives.
TIVZ_KZ_SR_EXACT_W1,Kazakhstan,CREATE,,трекер времени,EXACT,ACTIVE,,,CAMPAIGN,RU_NEGATIVE_EXACT,Fill Campaign ID after manual Apple Ads campaign creation. Leave Ad Group ID blank for campaign-level negatives.
TIVZ_KZ_SR_EXACT_W1,Kazakhstan,CREATE,,учет времени,EXACT,ACTIVE,,,CAMPAIGN,RU_NEGATIVE_EXACT,Fill Campaign ID after manual Apple Ads campaign creation. Leave Ad Group ID blank for campaign-level negatives.
TIVZ_KZ_SR_EXACT_W1,Kazakhstan,CREATE,,список дел,EXACT,ACTIVE,,,CAMPAIGN,RU_NEGATIVE_EXACT,Fill Campaign ID after manual Apple Ads campaign creation. Leave Ad Group ID blank for campaign-level negatives.
TIVZ_KZ_SR_EXACT_W1,Kazakhstan,CREATE,,заметки,EXACT,ACTIVE,,,CAMPAIGN,RU_NEGATIVE_EXACT,Fill Campaign ID after manual Apple Ads campaign creation. Leave Ad Group ID blank for campaign-level negatives.
TIVZ_KZ_SR_EXACT_W1,Kazakhstan,CREATE,,гугл календарь,EXACT,ACTIVE,,,CAMPAIGN,RU_NEGATIVE_EXACT,Fill Campaign ID after manual Apple Ads campaign creation. Leave Ad Group ID blank for campaign-level negatives.
TIVZ_KZ_SR_EXACT_W1,Kazakhstan,CREATE,,календарь google,EXACT,ACTIVE,,,CAMPAIGN,RU_NEGATIVE_EXACT,Fill Campaign ID after manual Apple Ads campaign creation. Leave Ad Group ID blank for campaign-level negatives.
TIVZ_KZ_SR_EXACT_W1,Kazakhstan,CREATE,,игры,EXACT,ACTIVE,,,CAMPAIGN,RU_NEGATIVE_EXACT,Fill Campaign ID after manual Apple Ads campaign creation. Leave Ad Group ID blank for campaign-level negatives.
TIVZ_KZ_SR_EXACT_W1,Kazakhstan,CREATE,,игра,EXACT,ACTIVE,,,CAMPAIGN,RU_NEGATIVE_EXACT,Fill Campaign ID after manual Apple Ads campaign creation. Leave Ad Group ID blank for campaign-level negatives.
TIVZ_KZ_SR_EXACT_W1,Kazakhstan,CREATE,,фото,EXACT,ACTIVE,,,CAMPAIGN,RU_NEGATIVE_EXACT,Fill Campaign ID after manual Apple Ads campaign creation. Leave Ad Group ID blank for campaign-level negatives.
TIVZ_KZ_SR_EXACT_W1,Kazakhstan,CREATE,,видео,EXACT,ACTIVE,,,CAMPAIGN,RU_NEGATIVE_EXACT,Fill Campaign ID after manual Apple Ads campaign creation. Leave Ad Group ID blank for campaign-level negatives.
TIVZ_KZ_SR_EXACT_W1,Kazakhstan,CREATE,,знакомства,EXACT,ACTIVE,,,CAMPAIGN,RU_NEGATIVE_EXACT,Fill Campaign ID after manual Apple Ads campaign creation. Leave Ad Group ID blank for campaign-level negatives.
TIVZ_KZ_SR_EXACT_W1,Kazakhstan,CREATE,,работа,EXACT,ACTIVE,,,CAMPAIGN,RU_NEGATIVE_EXACT,Fill Campaign ID after manual Apple Ads campaign creation. Leave Ad Group ID blank for campaign-level negatives.
TIVZ_KZ_SR_EXACT_W1,Kazakhstan,CREATE,,вакансии,EXACT,ACTIVE,,,CAMPAIGN,RU_NEGATIVE_EXACT,Fill Campaign ID after manual Apple Ads campaign creation. Leave Ad Group ID blank for campaign-level negatives.
TIVZ_KZ_SR_EXACT_W1,Kazakhstan,CREATE,,курсы,EXACT,ACTIVE,,,CAMPAIGN,RU_NEGATIVE_EXACT,Fill Campaign ID after manual Apple Ads campaign creation. Leave Ad Group ID blank for campaign-level negatives.
TIVZ_KZ_SR_EXACT_W1,Kazakhstan,CREATE,,обучение,EXACT,ACTIVE,,,CAMPAIGN,RU_NEGATIVE_EXACT,Fill Campaign ID after manual Apple Ads campaign creation. Leave Ad Group ID blank for campaign-level negatives.
TIVZ_KZ_SR_EXACT_W1,Kazakhstan,CREATE,,шаблон,EXACT,ACTIVE,,,CAMPAIGN,RU_NEGATIVE_EXACT,Fill Campaign ID after manual Apple Ads campaign creation. Leave Ad Group ID blank for campaign-level negatives.
TIVZ_KZ_SR_EXACT_W1,Kazakhstan,CREATE,,эксель,EXACT,ACTIVE,,,CAMPAIGN,RU_NEGATIVE_EXACT,Fill Campaign ID after manual Apple Ads campaign creation. Leave Ad Group ID blank for campaign-level negatives.
TIVZ_KZ_SR_EXACT_W1,Kazakhstan,CREATE,,таблица,EXACT,ACTIVE,,,CAMPAIGN,RU_NEGATIVE_EXACT,Fill Campaign ID after manual Apple Ads campaign creation. Leave Ad Group ID blank for campaign-level negatives.
TIVZ_KZ_SR_EXACT_W1,Kazakhstan,CREATE,,скачать бесплатно,EXACT,ACTIVE,,,CAMPAIGN,RU_NEGATIVE_EXACT,Fill Campaign ID after manual Apple Ads campaign creation. Leave Ad Group ID blank for campaign-level negatives.
TIVZ_KZ_SR_EXACT_W1,Kazakhstan,CREATE,,бесплатно,EXACT,ACTIVE,,,CAMPAIGN,RU_NEGATIVE_EXACT,Fill Campaign ID after manual Apple Ads campaign creation. Leave Ad Group ID blank for campaign-level negatives.
TIVZ_KZ_SR_EXACT_W1,Kazakhstan,CREATE,,салон рядом,EXACT,ACTIVE,,,CAMPAIGN,RU_NEGATIVE_EXACT,Fill Campaign ID after manual Apple Ads campaign creation. Leave Ad Group ID blank for campaign-level negatives.
TIVZ_KZ_SR_EXACT_W1,Kazakhstan,CREATE,,маникюр рядом,EXACT,ACTIVE,,,CAMPAIGN,RU_NEGATIVE_EXACT,Fill Campaign ID after manual Apple Ads campaign creation. Leave Ad Group ID blank for campaign-level negatives.
TIVZ_KZ_SR_EXACT_W1,Kazakhstan,CREATE,,барбер рядом,EXACT,ACTIVE,,,CAMPAIGN,RU_NEGATIVE_EXACT,Fill Campaign ID after manual Apple Ads campaign creation. Leave Ad Group ID blank for campaign-level negatives.
TIVZ_KZ_SR_EXACT_W1,Kazakhstan,CREATE,,парикмахер рядом,EXACT,ACTIVE,,,CAMPAIGN,RU_NEGATIVE_EXACT,Fill Campaign ID after manual Apple Ads campaign creation. Leave Ad Group ID blank for campaign-level negatives.
TIVZ_KZ_SR_EXACT_W1,Kazakhstan,CREATE,,косметолог рядом,EXACT,ACTIVE,,,CAMPAIGN,RU_NEGATIVE_EXACT,Fill Campaign ID after manual Apple Ads campaign creation. Leave Ad Group ID blank for campaign-level negatives.
TIVZ_KZ_SR_EXACT_W1,Kazakhstan,CREATE,,массаж рядом,EXACT,ACTIVE,,,CAMPAIGN,RU_NEGATIVE_EXACT,Fill Campaign ID after manual Apple Ads campaign creation. Leave Ad Group ID blank for campaign-level negatives.
TIVZ_KZ_SR_EXACT_W1,Kazakhstan,CREATE,,записаться на маникюр,EXACT,ACTIVE,,,CAMPAIGN,RU_NEGATIVE_EXACT,Fill Campaign ID after manual Apple Ads campaign creation. Leave Ad Group ID blank for campaign-level negatives.
TIVZ_KZ_SR_EXACT_W1,Kazakhstan,CREATE,,записаться к парикмахеру,EXACT,ACTIVE,,,CAMPAIGN,RU_NEGATIVE_EXACT,Fill Campaign ID after manual Apple Ads campaign creation. Leave Ad Group ID blank for campaign-level negatives.
TIVZ_KZ_SR_EXACT_W1,Kazakhstan,CREATE,,записаться к барберу,EXACT,ACTIVE,,,CAMPAIGN,RU_NEGATIVE_EXACT,Fill Campaign ID after manual Apple Ads campaign creation. Leave Ad Group ID blank for campaign-level negatives.
TIVZ_KZ_SR_EXACT_W1,Kazakhstan,CREATE,,записаться к косметологу,EXACT,ACTIVE,,,CAMPAIGN,RU_NEGATIVE_EXACT,Fill Campaign ID after manual Apple Ads campaign creation. Leave Ad Group ID blank for campaign-level negatives.
TIVZ_KZ_SR_EXACT_W1,Kazakhstan,CREATE,,записаться на массаж,EXACT,ACTIVE,,,CAMPAIGN,RU_NEGATIVE_EXACT,Fill Campaign ID after manual Apple Ads campaign creation. Leave Ad Group ID blank for campaign-level negatives.
TIVZ_KZ_SR_EXACT_W1,Kazakhstan,CREATE,,цена маникюра,EXACT,ACTIVE,,,CAMPAIGN,RU_NEGATIVE_EXACT,Fill Campaign ID after manual Apple Ads campaign creation. Leave Ad Group ID blank for campaign-level negatives.
TIVZ_KZ_SR_EXACT_W1,Kazakhstan,CREATE,,цены салон,EXACT,ACTIVE,,,CAMPAIGN,RU_NEGATIVE_EXACT,Fill Campaign ID after manual Apple Ads campaign creation. Leave Ad Group ID blank for campaign-level negatives.
TIVZ_KZ_SR_EXACT_W1,Kazakhstan,CREATE,,адрес салона,EXACT,ACTIVE,,,CAMPAIGN,RU_NEGATIVE_EXACT,Fill Campaign ID after manual Apple Ads campaign creation. Leave Ad Group ID blank for campaign-level negatives.
TIVZ_KZ_SR_EXACT_W1,Kazakhstan,CREATE,,отзывы салон,EXACT,ACTIVE,,,CAMPAIGN,RU_NEGATIVE_EXACT,Fill Campaign ID after manual Apple Ads campaign creation. Leave Ad Group ID blank for campaign-level negatives.
TIVZ_KZ_SR_EXACT_W1,Kazakhstan,CREATE,,лучший салон,EXACT,ACTIVE,,,CAMPAIGN,RU_NEGATIVE_EXACT,Fill Campaign ID after manual Apple Ads campaign creation. Leave Ad Group ID blank for campaign-level negatives.
TIVZ_KZ_SR_EXACT_W1,Kazakhstan,CREATE,,салон возле меня,EXACT,ACTIVE,,,CAMPAIGN,RU_NEGATIVE_EXACT,Fill Campaign ID after manual Apple Ads campaign creation. Leave Ad Group ID blank for campaign-level negatives.
TIVZ_KZ_SR_EXACT_W1,Kazakhstan,CREATE,,записаться маникюр,BROAD,ACTIVE,,,CAMPAIGN,RU_NEGATIVE_BROAD,Fill Campaign ID after manual Apple Ads campaign creation. Leave Ad Group ID blank for campaign-level negatives.
TIVZ_KZ_SR_EXACT_W1,Kazakhstan,CREATE,,записаться парикмахер,BROAD,ACTIVE,,,CAMPAIGN,RU_NEGATIVE_BROAD,Fill Campaign ID after manual Apple Ads campaign creation. Leave Ad Group ID blank for campaign-level negatives.
TIVZ_KZ_SR_EXACT_W1,Kazakhstan,CREATE,,записаться барбер,BROAD,ACTIVE,,,CAMPAIGN,RU_NEGATIVE_BROAD,Fill Campaign ID after manual Apple Ads campaign creation. Leave Ad Group ID blank for campaign-level negatives.
TIVZ_KZ_SR_EXACT_W1,Kazakhstan,CREATE,,записаться косметолог,BROAD,ACTIVE,,,CAMPAIGN,RU_NEGATIVE_BROAD,Fill Campaign ID after manual Apple Ads campaign creation. Leave Ad Group ID blank for campaign-level negatives.
TIVZ_KZ_SR_EXACT_W1,Kazakhstan,CREATE,,записаться массаж,BROAD,ACTIVE,,,CAMPAIGN,RU_NEGATIVE_BROAD,Fill Campaign ID after manual Apple Ads campaign creation. Leave Ad Group ID blank for campaign-level negatives.
TIVZ_KZ_SR_EXACT_W1,Kazakhstan,CREATE,,салон рядом,BROAD,ACTIVE,,,CAMPAIGN,RU_NEGATIVE_BROAD,Fill Campaign ID after manual Apple Ads campaign creation. Leave Ad Group ID blank for campaign-level negatives.
TIVZ_KZ_SR_EXACT_W1,Kazakhstan,CREATE,,маникюр рядом,BROAD,ACTIVE,,,CAMPAIGN,RU_NEGATIVE_BROAD,Fill Campaign ID after manual Apple Ads campaign creation. Leave Ad Group ID blank for campaign-level negatives.
TIVZ_KZ_SR_EXACT_W1,Kazakhstan,CREATE,,барбер рядом,BROAD,ACTIVE,,,CAMPAIGN,RU_NEGATIVE_BROAD,Fill Campaign ID after manual Apple Ads campaign creation. Leave Ad Group ID blank for campaign-level negatives.
TIVZ_KZ_SR_EXACT_W1,Kazakhstan,CREATE,,парикмахер рядом,BROAD,ACTIVE,,,CAMPAIGN,RU_NEGATIVE_BROAD,Fill Campaign ID after manual Apple Ads campaign creation. Leave Ad Group ID blank for campaign-level negatives.
TIVZ_KZ_SR_EXACT_W1,Kazakhstan,CREATE,,цена маникюра,BROAD,ACTIVE,,,CAMPAIGN,RU_NEGATIVE_BROAD,Fill Campaign ID after manual Apple Ads campaign creation. Leave Ad Group ID blank for campaign-level negatives.
TIVZ_KZ_SR_EXACT_W1,Kazakhstan,CREATE,,адрес салона,BROAD,ACTIVE,,,CAMPAIGN,RU_NEGATIVE_BROAD,Fill Campaign ID after manual Apple Ads campaign creation. Leave Ad Group ID blank for campaign-level negatives.
TIVZ_KZ_SR_EXACT_W1,Kazakhstan,CREATE,,отзывы салон,BROAD,ACTIVE,,,CAMPAIGN,RU_NEGATIVE_BROAD,Fill Campaign ID after manual Apple Ads campaign creation. Leave Ad Group ID blank for campaign-level negatives.
TIVZ_PL_SR_EXACT_W1,Poland,CREATE,,teamviewer,EXACT,ACTIVE,,,CAMPAIGN,GLOBAL_NEGATIVE_EXACT,Fill Campaign ID after manual Apple Ads campaign creation. Leave Ad Group ID blank for campaign-level negatives.
TIVZ_PL_SR_EXACT_W1,Poland,CREATE,,team viewer,EXACT,ACTIVE,,,CAMPAIGN,GLOBAL_NEGATIVE_EXACT,Fill Campaign ID after manual Apple Ads campaign creation. Leave Ad Group ID blank for campaign-level negatives.
TIVZ_PL_SR_EXACT_W1,Poland,CREATE,,teamviewer remote,EXACT,ACTIVE,,,CAMPAIGN,GLOBAL_NEGATIVE_EXACT,Fill Campaign ID after manual Apple Ads campaign creation. Leave Ad Group ID blank for campaign-level negatives.
TIVZ_PL_SR_EXACT_W1,Poland,CREATE,,anydesk,EXACT,ACTIVE,,,CAMPAIGN,GLOBAL_NEGATIVE_EXACT,Fill Campaign ID after manual Apple Ads campaign creation. Leave Ad Group ID blank for campaign-level negatives.
TIVZ_PL_SR_EXACT_W1,Poland,CREATE,,remote desktop,EXACT,ACTIVE,,,CAMPAIGN,GLOBAL_NEGATIVE_EXACT,Fill Campaign ID after manual Apple Ads campaign creation. Leave Ad Group ID blank for campaign-level negatives.
TIVZ_PL_SR_EXACT_W1,Poland,CREATE,,time tracker,EXACT,ACTIVE,,,CAMPAIGN,GLOBAL_NEGATIVE_EXACT,Fill Campaign ID after manual Apple Ads campaign creation. Leave Ad Group ID blank for campaign-level negatives.
TIVZ_PL_SR_EXACT_W1,Poland,CREATE,,time tracking,EXACT,ACTIVE,,,CAMPAIGN,GLOBAL_NEGATIVE_EXACT,Fill Campaign ID after manual Apple Ads campaign creation. Leave Ad Group ID blank for campaign-level negatives.
TIVZ_PL_SR_EXACT_W1,Poland,CREATE,,timesheet,EXACT,ACTIVE,,,CAMPAIGN,GLOBAL_NEGATIVE_EXACT,Fill Campaign ID after manual Apple Ads campaign creation. Leave Ad Group ID blank for campaign-level negatives.
TIVZ_PL_SR_EXACT_W1,Poland,CREATE,,time clock,EXACT,ACTIVE,,,CAMPAIGN,GLOBAL_NEGATIVE_EXACT,Fill Campaign ID after manual Apple Ads campaign creation. Leave Ad Group ID blank for campaign-level negatives.
TIVZ_PL_SR_EXACT_W1,Poland,CREATE,,pomodoro,EXACT,ACTIVE,,,CAMPAIGN,GLOBAL_NEGATIVE_EXACT,Fill Campaign ID after manual Apple Ads campaign creation. Leave Ad Group ID blank for campaign-level negatives.
TIVZ_PL_SR_EXACT_W1,Poland,CREATE,,stopwatch,EXACT,ACTIVE,,,CAMPAIGN,GLOBAL_NEGATIVE_EXACT,Fill Campaign ID after manual Apple Ads campaign creation. Leave Ad Group ID blank for campaign-level negatives.
TIVZ_PL_SR_EXACT_W1,Poland,CREATE,,timer,EXACT,ACTIVE,,,CAMPAIGN,GLOBAL_NEGATIVE_EXACT,Fill Campaign ID after manual Apple Ads campaign creation. Leave Ad Group ID blank for campaign-level negatives.
TIVZ_PL_SR_EXACT_W1,Poland,CREATE,,todo,EXACT,ACTIVE,,,CAMPAIGN,GLOBAL_NEGATIVE_EXACT,Fill Campaign ID after manual Apple Ads campaign creation. Leave Ad Group ID blank for campaign-level negatives.
TIVZ_PL_SR_EXACT_W1,Poland,CREATE,,to do,EXACT,ACTIVE,,,CAMPAIGN,GLOBAL_NEGATIVE_EXACT,Fill Campaign ID after manual Apple Ads campaign creation. Leave Ad Group ID blank for campaign-level negatives.
TIVZ_PL_SR_EXACT_W1,Poland,CREATE,,to do list,EXACT,ACTIVE,,,CAMPAIGN,GLOBAL_NEGATIVE_EXACT,Fill Campaign ID after manual Apple Ads campaign creation. Leave Ad Group ID blank for campaign-level negatives.
TIVZ_PL_SR_EXACT_W1,Poland,CREATE,,notes,EXACT,ACTIVE,,,CAMPAIGN,GLOBAL_NEGATIVE_EXACT,Fill Campaign ID after manual Apple Ads campaign creation. Leave Ad Group ID blank for campaign-level negatives.
TIVZ_PL_SR_EXACT_W1,Poland,CREATE,,notion,EXACT,ACTIVE,,,CAMPAIGN,GLOBAL_NEGATIVE_EXACT,Fill Campaign ID after manual Apple Ads campaign creation. Leave Ad Group ID blank for campaign-level negatives.
TIVZ_PL_SR_EXACT_W1,Poland,CREATE,,google calendar,EXACT,ACTIVE,,,CAMPAIGN,GLOBAL_NEGATIVE_EXACT,Fill Campaign ID after manual Apple Ads campaign creation. Leave Ad Group ID blank for campaign-level negatives.
TIVZ_PL_SR_EXACT_W1,Poland,CREATE,,outlook calendar,EXACT,ACTIVE,,,CAMPAIGN,GLOBAL_NEGATIVE_EXACT,Fill Campaign ID after manual Apple Ads campaign creation. Leave Ad Group ID blank for campaign-level negatives.
TIVZ_PL_SR_EXACT_W1,Poland,CREATE,,calendar google,EXACT,ACTIVE,,,CAMPAIGN,GLOBAL_NEGATIVE_EXACT,Fill Campaign ID after manual Apple Ads campaign creation. Leave Ad Group ID blank for campaign-level negatives.
TIVZ_PL_SR_EXACT_W1,Poland,CREATE,,game,EXACT,ACTIVE,,,CAMPAIGN,GLOBAL_NEGATIVE_EXACT,Fill Campaign ID after manual Apple Ads campaign creation. Leave Ad Group ID blank for campaign-level negatives.
TIVZ_PL_SR_EXACT_W1,Poland,CREATE,,games,EXACT,ACTIVE,,,CAMPAIGN,GLOBAL_NEGATIVE_EXACT,Fill Campaign ID after manual Apple Ads campaign creation. Leave Ad Group ID blank for campaign-level negatives.
TIVZ_PL_SR_EXACT_W1,Poland,CREATE,,photo,EXACT,ACTIVE,,,CAMPAIGN,GLOBAL_NEGATIVE_EXACT,Fill Campaign ID after manual Apple Ads campaign creation. Leave Ad Group ID blank for campaign-level negatives.
TIVZ_PL_SR_EXACT_W1,Poland,CREATE,,video,EXACT,ACTIVE,,,CAMPAIGN,GLOBAL_NEGATIVE_EXACT,Fill Campaign ID after manual Apple Ads campaign creation. Leave Ad Group ID blank for campaign-level negatives.
TIVZ_PL_SR_EXACT_W1,Poland,CREATE,,dating,EXACT,ACTIVE,,,CAMPAIGN,GLOBAL_NEGATIVE_EXACT,Fill Campaign ID after manual Apple Ads campaign creation. Leave Ad Group ID blank for campaign-level negatives.
TIVZ_PL_SR_EXACT_W1,Poland,CREATE,,jobs,EXACT,ACTIVE,,,CAMPAIGN,GLOBAL_NEGATIVE_EXACT,Fill Campaign ID after manual Apple Ads campaign creation. Leave Ad Group ID blank for campaign-level negatives.
TIVZ_PL_SR_EXACT_W1,Poland,CREATE,,job,EXACT,ACTIVE,,,CAMPAIGN,GLOBAL_NEGATIVE_EXACT,Fill Campaign ID after manual Apple Ads campaign creation. Leave Ad Group ID blank for campaign-level negatives.
TIVZ_PL_SR_EXACT_W1,Poland,CREATE,,vacancy,EXACT,ACTIVE,,,CAMPAIGN,GLOBAL_NEGATIVE_EXACT,Fill Campaign ID after manual Apple Ads campaign creation. Leave Ad Group ID blank for campaign-level negatives.
TIVZ_PL_SR_EXACT_W1,Poland,CREATE,,course,EXACT,ACTIVE,,,CAMPAIGN,GLOBAL_NEGATIVE_EXACT,Fill Campaign ID after manual Apple Ads campaign creation. Leave Ad Group ID blank for campaign-level negatives.
TIVZ_PL_SR_EXACT_W1,Poland,CREATE,,training,EXACT,ACTIVE,,,CAMPAIGN,GLOBAL_NEGATIVE_EXACT,Fill Campaign ID after manual Apple Ads campaign creation. Leave Ad Group ID blank for campaign-level negatives.
TIVZ_PL_SR_EXACT_W1,Poland,CREATE,,template,EXACT,ACTIVE,,,CAMPAIGN,GLOBAL_NEGATIVE_EXACT,Fill Campaign ID after manual Apple Ads campaign creation. Leave Ad Group ID blank for campaign-level negatives.
TIVZ_PL_SR_EXACT_W1,Poland,CREATE,,excel,EXACT,ACTIVE,,,CAMPAIGN,GLOBAL_NEGATIVE_EXACT,Fill Campaign ID after manual Apple Ads campaign creation. Leave Ad Group ID blank for campaign-level negatives.
TIVZ_PL_SR_EXACT_W1,Poland,CREATE,,spreadsheet,EXACT,ACTIVE,,,CAMPAIGN,GLOBAL_NEGATIVE_EXACT,Fill Campaign ID after manual Apple Ads campaign creation. Leave Ad Group ID blank for campaign-level negatives.
TIVZ_PL_SR_EXACT_W1,Poland,CREATE,,free download,EXACT,ACTIVE,,,CAMPAIGN,GLOBAL_NEGATIVE_EXACT,Fill Campaign ID after manual Apple Ads campaign creation. Leave Ad Group ID blank for campaign-level negatives.
TIVZ_PL_SR_EXACT_W1,Poland,CREATE,,download free,EXACT,ACTIVE,,,CAMPAIGN,GLOBAL_NEGATIVE_EXACT,Fill Campaign ID after manual Apple Ads campaign creation. Leave Ad Group ID blank for campaign-level negatives.
TIVZ_PL_SR_EXACT_W1,Poland,CREATE,,teamviewer,EXACT,ACTIVE,,,CAMPAIGN,PL_NEGATIVE_EXACT,Fill Campaign ID after manual Apple Ads campaign creation. Leave Ad Group ID blank for campaign-level negatives.
TIVZ_PL_SR_EXACT_W1,Poland,CREATE,,anydesk,EXACT,ACTIVE,,,CAMPAIGN,PL_NEGATIVE_EXACT,Fill Campaign ID after manual Apple Ads campaign creation. Leave Ad Group ID blank for campaign-level negatives.
TIVZ_PL_SR_EXACT_W1,Poland,CREATE,,zdalny pulpit,EXACT,ACTIVE,,,CAMPAIGN,PL_NEGATIVE_EXACT,Fill Campaign ID after manual Apple Ads campaign creation. Leave Ad Group ID blank for campaign-level negatives.
TIVZ_PL_SR_EXACT_W1,Poland,CREATE,,timer,EXACT,ACTIVE,,,CAMPAIGN,PL_NEGATIVE_EXACT,Fill Campaign ID after manual Apple Ads campaign creation. Leave Ad Group ID blank for campaign-level negatives.
TIVZ_PL_SR_EXACT_W1,Poland,CREATE,,stoper,EXACT,ACTIVE,,,CAMPAIGN,PL_NEGATIVE_EXACT,Fill Campaign ID after manual Apple Ads campaign creation. Leave Ad Group ID blank for campaign-level negatives.
TIVZ_PL_SR_EXACT_W1,Poland,CREATE,,pomodoro,EXACT,ACTIVE,,,CAMPAIGN,PL_NEGATIVE_EXACT,Fill Campaign ID after manual Apple Ads campaign creation. Leave Ad Group ID blank for campaign-level negatives.
TIVZ_PL_SR_EXACT_W1,Poland,CREATE,,śledzenie czasu,EXACT,ACTIVE,,,CAMPAIGN,PL_NEGATIVE_EXACT,Fill Campaign ID after manual Apple Ads campaign creation. Leave Ad Group ID blank for campaign-level negatives.
TIVZ_PL_SR_EXACT_W1,Poland,CREATE,,lista zadań,EXACT,ACTIVE,,,CAMPAIGN,PL_NEGATIVE_EXACT,Fill Campaign ID after manual Apple Ads campaign creation. Leave Ad Group ID blank for campaign-level negatives.
TIVZ_PL_SR_EXACT_W1,Poland,CREATE,,notatki,EXACT,ACTIVE,,,CAMPAIGN,PL_NEGATIVE_EXACT,Fill Campaign ID after manual Apple Ads campaign creation. Leave Ad Group ID blank for campaign-level negatives.
TIVZ_PL_SR_EXACT_W1,Poland,CREATE,,notion,EXACT,ACTIVE,,,CAMPAIGN,PL_NEGATIVE_EXACT,Fill Campaign ID after manual Apple Ads campaign creation. Leave Ad Group ID blank for campaign-level negatives.
TIVZ_PL_SR_EXACT_W1,Poland,CREATE,,google calendar,EXACT,ACTIVE,,,CAMPAIGN,PL_NEGATIVE_EXACT,Fill Campaign ID after manual Apple Ads campaign creation. Leave Ad Group ID blank for campaign-level negatives.
TIVZ_PL_SR_EXACT_W1,Poland,CREATE,,kalendarz google,EXACT,ACTIVE,,,CAMPAIGN,PL_NEGATIVE_EXACT,Fill Campaign ID after manual Apple Ads campaign creation. Leave Ad Group ID blank for campaign-level negatives.
TIVZ_PL_SR_EXACT_W1,Poland,CREATE,,gry,EXACT,ACTIVE,,,CAMPAIGN,PL_NEGATIVE_EXACT,Fill Campaign ID after manual Apple Ads campaign creation. Leave Ad Group ID blank for campaign-level negatives.
TIVZ_PL_SR_EXACT_W1,Poland,CREATE,,gra,EXACT,ACTIVE,,,CAMPAIGN,PL_NEGATIVE_EXACT,Fill Campaign ID after manual Apple Ads campaign creation. Leave Ad Group ID blank for campaign-level negatives.
TIVZ_PL_SR_EXACT_W1,Poland,CREATE,,zdjęcia,EXACT,ACTIVE,,,CAMPAIGN,PL_NEGATIVE_EXACT,Fill Campaign ID after manual Apple Ads campaign creation. Leave Ad Group ID blank for campaign-level negatives.
TIVZ_PL_SR_EXACT_W1,Poland,CREATE,,wideo,EXACT,ACTIVE,,,CAMPAIGN,PL_NEGATIVE_EXACT,Fill Campaign ID after manual Apple Ads campaign creation. Leave Ad Group ID blank for campaign-level negatives.
TIVZ_PL_SR_EXACT_W1,Poland,CREATE,,randki,EXACT,ACTIVE,,,CAMPAIGN,PL_NEGATIVE_EXACT,Fill Campaign ID after manual Apple Ads campaign creation. Leave Ad Group ID blank for campaign-level negatives.
TIVZ_PL_SR_EXACT_W1,Poland,CREATE,,praca,EXACT,ACTIVE,,,CAMPAIGN,PL_NEGATIVE_EXACT,Fill Campaign ID after manual Apple Ads campaign creation. Leave Ad Group ID blank for campaign-level negatives.
TIVZ_PL_SR_EXACT_W1,Poland,CREATE,,oferty pracy,EXACT,ACTIVE,,,CAMPAIGN,PL_NEGATIVE_EXACT,Fill Campaign ID after manual Apple Ads campaign creation. Leave Ad Group ID blank for campaign-level negatives.
TIVZ_PL_SR_EXACT_W1,Poland,CREATE,,kurs,EXACT,ACTIVE,,,CAMPAIGN,PL_NEGATIVE_EXACT,Fill Campaign ID after manual Apple Ads campaign creation. Leave Ad Group ID blank for campaign-level negatives.
TIVZ_PL_SR_EXACT_W1,Poland,CREATE,,kursy,EXACT,ACTIVE,,,CAMPAIGN,PL_NEGATIVE_EXACT,Fill Campaign ID after manual Apple Ads campaign creation. Leave Ad Group ID blank for campaign-level negatives.
TIVZ_PL_SR_EXACT_W1,Poland,CREATE,,szkolenie,EXACT,ACTIVE,,,CAMPAIGN,PL_NEGATIVE_EXACT,Fill Campaign ID after manual Apple Ads campaign creation. Leave Ad Group ID blank for campaign-level negatives.
TIVZ_PL_SR_EXACT_W1,Poland,CREATE,,szkolenia,EXACT,ACTIVE,,,CAMPAIGN,PL_NEGATIVE_EXACT,Fill Campaign ID after manual Apple Ads campaign creation. Leave Ad Group ID blank for campaign-level negatives.
TIVZ_PL_SR_EXACT_W1,Poland,CREATE,,szablon,EXACT,ACTIVE,,,CAMPAIGN,PL_NEGATIVE_EXACT,Fill Campaign ID after manual Apple Ads campaign creation. Leave Ad Group ID blank for campaign-level negatives.
TIVZ_PL_SR_EXACT_W1,Poland,CREATE,,excel,EXACT,ACTIVE,,,CAMPAIGN,PL_NEGATIVE_EXACT,Fill Campaign ID after manual Apple Ads campaign creation. Leave Ad Group ID blank for campaign-level negatives.
TIVZ_PL_SR_EXACT_W1,Poland,CREATE,,arkusz,EXACT,ACTIVE,,,CAMPAIGN,PL_NEGATIVE_EXACT,Fill Campaign ID after manual Apple Ads campaign creation. Leave Ad Group ID blank for campaign-level negatives.
TIVZ_PL_SR_EXACT_W1,Poland,CREATE,,pobierz za darmo,EXACT,ACTIVE,,,CAMPAIGN,PL_NEGATIVE_EXACT,Fill Campaign ID after manual Apple Ads campaign creation. Leave Ad Group ID blank for campaign-level negatives.
TIVZ_PL_SR_EXACT_W1,Poland,CREATE,,darmowe,EXACT,ACTIVE,,,CAMPAIGN,PL_NEGATIVE_EXACT,Fill Campaign ID after manual Apple Ads campaign creation. Leave Ad Group ID blank for campaign-level negatives.
TIVZ_PL_SR_EXACT_W1,Poland,CREATE,,salon blisko mnie,EXACT,ACTIVE,,,CAMPAIGN,PL_NEGATIVE_EXACT,Fill Campaign ID after manual Apple Ads campaign creation. Leave Ad Group ID blank for campaign-level negatives.
TIVZ_PL_SR_EXACT_W1,Poland,CREATE,,fryzjer blisko mnie,EXACT,ACTIVE,,,CAMPAIGN,PL_NEGATIVE_EXACT,Fill Campaign ID after manual Apple Ads campaign creation. Leave Ad Group ID blank for campaign-level negatives.
TIVZ_PL_SR_EXACT_W1,Poland,CREATE,,barber blisko mnie,EXACT,ACTIVE,,,CAMPAIGN,PL_NEGATIVE_EXACT,Fill Campaign ID after manual Apple Ads campaign creation. Leave Ad Group ID blank for campaign-level negatives.
TIVZ_PL_SR_EXACT_W1,Poland,CREATE,,manicure blisko mnie,EXACT,ACTIVE,,,CAMPAIGN,PL_NEGATIVE_EXACT,Fill Campaign ID after manual Apple Ads campaign creation. Leave Ad Group ID blank for campaign-level negatives.
TIVZ_PL_SR_EXACT_W1,Poland,CREATE,,kosmetyczka blisko mnie,EXACT,ACTIVE,,,CAMPAIGN,PL_NEGATIVE_EXACT,Fill Campaign ID after manual Apple Ads campaign creation. Leave Ad Group ID blank for campaign-level negatives.
TIVZ_PL_SR_EXACT_W1,Poland,CREATE,,masaż blisko mnie,EXACT,ACTIVE,,,CAMPAIGN,PL_NEGATIVE_EXACT,Fill Campaign ID after manual Apple Ads campaign creation. Leave Ad Group ID blank for campaign-level negatives.
TIVZ_PL_SR_EXACT_W1,Poland,CREATE,,umów wizytę u fryzjera,EXACT,ACTIVE,,,CAMPAIGN,PL_NEGATIVE_EXACT,Fill Campaign ID after manual Apple Ads campaign creation. Leave Ad Group ID blank for campaign-level negatives.
TIVZ_PL_SR_EXACT_W1,Poland,CREATE,,umów wizytę na manicure,EXACT,ACTIVE,,,CAMPAIGN,PL_NEGATIVE_EXACT,Fill Campaign ID after manual Apple Ads campaign creation. Leave Ad Group ID blank for campaign-level negatives.
TIVZ_PL_SR_EXACT_W1,Poland,CREATE,,umów wizytę u barbera,EXACT,ACTIVE,,,CAMPAIGN,PL_NEGATIVE_EXACT,Fill Campaign ID after manual Apple Ads campaign creation. Leave Ad Group ID blank for campaign-level negatives.
TIVZ_PL_SR_EXACT_W1,Poland,CREATE,,umów wizytę u kosmetyczki,EXACT,ACTIVE,,,CAMPAIGN,PL_NEGATIVE_EXACT,Fill Campaign ID after manual Apple Ads campaign creation. Leave Ad Group ID blank for campaign-level negatives.
TIVZ_PL_SR_EXACT_W1,Poland,CREATE,,cena manicure,EXACT,ACTIVE,,,CAMPAIGN,PL_NEGATIVE_EXACT,Fill Campaign ID after manual Apple Ads campaign creation. Leave Ad Group ID blank for campaign-level negatives.
TIVZ_PL_SR_EXACT_W1,Poland,CREATE,,cennik fryzjer,EXACT,ACTIVE,,,CAMPAIGN,PL_NEGATIVE_EXACT,Fill Campaign ID after manual Apple Ads campaign creation. Leave Ad Group ID blank for campaign-level negatives.
TIVZ_PL_SR_EXACT_W1,Poland,CREATE,,cennik salonu,EXACT,ACTIVE,,,CAMPAIGN,PL_NEGATIVE_EXACT,Fill Campaign ID after manual Apple Ads campaign creation. Leave Ad Group ID blank for campaign-level negatives.
TIVZ_PL_SR_EXACT_W1,Poland,CREATE,,adres salonu,EXACT,ACTIVE,,,CAMPAIGN,PL_NEGATIVE_EXACT,Fill Campaign ID after manual Apple Ads campaign creation. Leave Ad Group ID blank for campaign-level negatives.
TIVZ_PL_SR_EXACT_W1,Poland,CREATE,,opinie salon,EXACT,ACTIVE,,,CAMPAIGN,PL_NEGATIVE_EXACT,Fill Campaign ID after manual Apple Ads campaign creation. Leave Ad Group ID blank for campaign-level negatives.
TIVZ_PL_SR_EXACT_W1,Poland,CREATE,,najlepszy salon,EXACT,ACTIVE,,,CAMPAIGN,PL_NEGATIVE_EXACT,Fill Campaign ID after manual Apple Ads campaign creation. Leave Ad Group ID blank for campaign-level negatives.
TIVZ_PL_SR_EXACT_W1,Poland,CREATE,,fryzjer blisko mnie,BROAD,ACTIVE,,,CAMPAIGN,PL_NEGATIVE_BROAD,Fill Campaign ID after manual Apple Ads campaign creation. Leave Ad Group ID blank for campaign-level negatives.
TIVZ_PL_SR_EXACT_W1,Poland,CREATE,,barber blisko mnie,BROAD,ACTIVE,,,CAMPAIGN,PL_NEGATIVE_BROAD,Fill Campaign ID after manual Apple Ads campaign creation. Leave Ad Group ID blank for campaign-level negatives.
TIVZ_PL_SR_EXACT_W1,Poland,CREATE,,manicure blisko mnie,BROAD,ACTIVE,,,CAMPAIGN,PL_NEGATIVE_BROAD,Fill Campaign ID after manual Apple Ads campaign creation. Leave Ad Group ID blank for campaign-level negatives.
TIVZ_PL_SR_EXACT_W1,Poland,CREATE,,kosmetyczka blisko mnie,BROAD,ACTIVE,,,CAMPAIGN,PL_NEGATIVE_BROAD,Fill Campaign ID after manual Apple Ads campaign creation. Leave Ad Group ID blank for campaign-level negatives.
TIVZ_PL_SR_EXACT_W1,Poland,CREATE,,masaż blisko mnie,BROAD,ACTIVE,,,CAMPAIGN,PL_NEGATIVE_BROAD,Fill Campaign ID after manual Apple Ads campaign creation. Leave Ad Group ID blank for campaign-level negatives.
TIVZ_PL_SR_EXACT_W1,Poland,CREATE,,umów wizytę,BROAD,ACTIVE,,,CAMPAIGN,PL_NEGATIVE_BROAD,Fill Campaign ID after manual Apple Ads campaign creation. Leave Ad Group ID blank for campaign-level negatives.
TIVZ_PL_SR_EXACT_W1,Poland,CREATE,,cena manicure,BROAD,ACTIVE,,,CAMPAIGN,PL_NEGATIVE_BROAD,Fill Campaign ID after manual Apple Ads campaign creation. Leave Ad Group ID blank for campaign-level negatives.
TIVZ_PL_SR_EXACT_W1,Poland,CREATE,,cennik salonu,BROAD,ACTIVE,,,CAMPAIGN,PL_NEGATIVE_BROAD,Fill Campaign ID after manual Apple Ads campaign creation. Leave Ad Group ID blank for campaign-level negatives.
TIVZ_PL_SR_EXACT_W1,Poland,CREATE,,adres salonu,BROAD,ACTIVE,,,CAMPAIGN,PL_NEGATIVE_BROAD,Fill Campaign ID after manual Apple Ads campaign creation. Leave Ad Group ID blank for campaign-level negatives.
TIVZ_PL_SR_EXACT_W1,Poland,CREATE,,opinie salon,BROAD,ACTIVE,,,CAMPAIGN,PL_NEGATIVE_BROAD,Fill Campaign ID after manual Apple Ads campaign creation. Leave Ad Group ID blank for campaign-level negatives.
