Campaign Name,Country,Ad Group Name,Action,Keyword ID,Keyword,Match Type,Status,Bid,Campaign ID,Ad Group ID,Notes
TIVZ_UA_SR_EXACT_W1,Ukraine,UA_CORE_EXACT,CREATE,,онлайн запис клієнтів,EXACT,ACTIVE,$0.25,,,Fill Campaign ID and Ad Group ID after manual Apple Ads campaign/ad group creation.
TIVZ_UA_SR_EXACT_W1,Ukraine,UA_CORE_EXACT,CREATE,,додаток для запису клієнтів,EXACT,ACTIVE,$0.25,,,Fill Campaign ID and Ad Group ID after manual Apple Ads campaign/ad group creation.
TIVZ_UA_SR_EXACT_W1,Ukraine,UA_CORE_EXACT,CREATE,,програма для запису клієнтів,EXACT,ACTIVE,$0.25,,,Fill Campaign ID and Ad Group ID after manual Apple Ads campaign/ad group creation.
TIVZ_UA_SR_EXACT_W1,Ukraine,UA_CORE_EXACT,CREATE,,запис клієнтів,EXACT,ACTIVE,$0.25,,,Fill Campaign ID and Ad Group ID after manual Apple Ads campaign/ad group creation.
TIVZ_UA_SR_EXACT_W1,Ukraine,UA_CORE_EXACT,CREATE,,календар записів клієнтів,EXACT,ACTIVE,$0.25,,,Fill Campaign ID and Ad Group ID after manual Apple Ads campaign/ad group creation.
TIVZ_UA_SR_EXACT_W1,Ukraine,UA_CORE_EXACT,CREATE,,календар клієнтів,EXACT,ACTIVE,$0.25,,,Fill Campaign ID and Ad Group ID after manual Apple Ads campaign/ad group creation.
TIVZ_UA_SR_EXACT_W1,Ukraine,UA_CORE_EXACT,CREATE,,розклад клієнтів,EXACT,ACTIVE,$0.25,,,Fill Campaign ID and Ad Group ID after manual Apple Ads campaign/ad group creation.
TIVZ_UA_SR_EXACT_W1,Ukraine,UA_CORE_EXACT,CREATE,,календар майстра,EXACT,ACTIVE,$0.25,,,Fill Campaign ID and Ad Group ID after manual Apple Ads campaign/ad group creation.
TIVZ_UA_SR_EXACT_W1,Ukraine,UA_CORE_EXACT,CREATE,,розклад майстра,EXACT,ACTIVE,$0.25,,,Fill Campaign ID and Ad Group ID after manual Apple Ads campaign/ad group creation.
TIVZ_UA_SR_EXACT_W1,Ukraine,UA_CORE_EXACT,CREATE,,запис для майстра,EXACT,ACTIVE,$0.25,,,Fill Campaign ID and Ad Group ID after manual Apple Ads campaign/ad group creation.
TIVZ_UA_SR_EXACT_W1,Ukraine,UA_CORE_EXACT,CREATE,,додаток для майстра,EXACT,ACTIVE,$0.25,,,Fill Campaign ID and Ad Group ID after manual Apple Ads campaign/ad group creation.
TIVZ_UA_SR_EXACT_W1,Ukraine,UA_CORE_EXACT,CREATE,,crm для майстра,EXACT,ACTIVE,$0.25,,,Fill Campaign ID and Ad Group ID after manual Apple Ads campaign/ad group creation.
TIVZ_UA_SR_EXACT_W1,Ukraine,UA_CORE_EXACT,CREATE,,crm салону краси,EXACT,ACTIVE,$0.25,,,Fill Campaign ID and Ad Group ID after manual Apple Ads campaign/ad group creation.
TIVZ_UA_SR_EXACT_W1,Ukraine,UA_CORE_EXACT,CREATE,,програма для салону краси,EXACT,ACTIVE,$0.25,,,Fill Campaign ID and Ad Group ID after manual Apple Ads campaign/ad group creation.
TIVZ_UA_SR_EXACT_W1,Ukraine,UA_CORE_EXACT,CREATE,,додаток для салону краси,EXACT,ACTIVE,$0.25,,,Fill Campaign ID and Ad Group ID after manual Apple Ads campaign/ad group creation.
TIVZ_UA_SR_EXACT_W1,Ukraine,UA_CORE_EXACT,CREATE,,онлайн запис для салону,EXACT,ACTIVE,$0.25,,,Fill Campaign ID and Ad Group ID after manual Apple Ads campaign/ad group creation.
TIVZ_UA_SR_EXACT_W1,Ukraine,UA_CORE_EXACT,CREATE,,онлайн запис для салону краси,EXACT,ACTIVE,$0.25,,,Fill Campaign ID and Ad Group ID after manual Apple Ads campaign/ad group creation.
TIVZ_UA_SR_EXACT_W1,Ukraine,UA_CORE_EXACT,CREATE,,облік клієнтів салон,EXACT,ACTIVE,$0.25,,,Fill Campaign ID and Ad Group ID after manual Apple Ads campaign/ad group creation.
TIVZ_UA_SR_EXACT_W1,Ukraine,UA_CORE_EXACT,CREATE,,облік клієнтів,EXACT,ACTIVE,$0.25,,,Fill Campaign ID and Ad Group ID after manual Apple Ads campaign/ad group creation.
TIVZ_UA_SR_EXACT_W1,Ukraine,UA_CORE_EXACT,CREATE,,база клієнтів,EXACT,ACTIVE,$0.25,,,Fill Campaign ID and Ad Group ID after manual Apple Ads campaign/ad group creation.
TIVZ_UA_SR_EXACT_W1,Ukraine,UA_CORE_EXACT,CREATE,,база клієнтів майстра,EXACT,ACTIVE,$0.25,,,Fill Campaign ID and Ad Group ID after manual Apple Ads campaign/ad group creation.
TIVZ_UA_SR_EXACT_W1,Ukraine,UA_CORE_EXACT,CREATE,,журнал запису клієнтів,EXACT,ACTIVE,$0.25,,,Fill Campaign ID and Ad Group ID after manual Apple Ads campaign/ad group creation.
TIVZ_UA_SR_EXACT_W1,Ukraine,UA_CORE_EXACT,CREATE,,електронний запис клієнтів,EXACT,ACTIVE,$0.25,,,Fill Campaign ID and Ad Group ID after manual Apple Ads campaign/ad group creation.
TIVZ_UA_SR_EXACT_W1,Ukraine,UA_CORE_EXACT,CREATE,,запис клієнтів онлайн,EXACT,ACTIVE,$0.25,,,Fill Campaign ID and Ad Group ID after manual Apple Ads campaign/ad group creation.
TIVZ_UA_SR_EXACT_W1,Ukraine,UA_CORE_EXACT,CREATE,,керування записами клієнтів,EXACT,ACTIVE,$0.25,,,Fill Campaign ID and Ad Group ID after manual Apple Ads campaign/ad group creation.
TIVZ_UA_SR_EXACT_W1,Ukraine,UA_CORE_EXACT,CREATE,,клієнти та записи,EXACT,ACTIVE,$0.25,,,Fill Campaign ID and Ad Group ID after manual Apple Ads campaign/ad group creation.
TIVZ_UA_SR_EXACT_W1,Ukraine,UA_CORE_EXACT,CREATE,,послуги та записи,EXACT,ACTIVE,$0.25,,,Fill Campaign ID and Ad Group ID after manual Apple Ads campaign/ad group creation.
TIVZ_UA_SR_EXACT_W1,Ukraine,UA_CORE_EXACT,CREATE,,розклад салону,EXACT,ACTIVE,$0.25,,,Fill Campaign ID and Ad Group ID after manual Apple Ads campaign/ad group creation.
TIVZ_UA_SR_EXACT_W1,Ukraine,UA_CORE_EXACT,CREATE,,календар салону краси,EXACT,ACTIVE,$0.25,,,Fill Campaign ID and Ad Group ID after manual Apple Ads campaign/ad group creation.
TIVZ_UA_SR_EXACT_W1,Ukraine,UA_CORE_EXACT,CREATE,,календар для бізнесу,EXACT,ACTIVE,$0.25,,,Fill Campaign ID and Ad Group ID after manual Apple Ads campaign/ad group creation.
TIVZ_UA_SR_EXACT_W1,Ukraine,UA_CORE_EXACT,CREATE,,додаток для послуг,EXACT,ACTIVE,$0.25,,,Fill Campaign ID and Ad Group ID after manual Apple Ads campaign/ad group creation.
TIVZ_UA_SR_EXACT_W1,Ukraine,UA_CORE_EXACT,CREATE,,програма для послуг,EXACT,ACTIVE,$0.25,,,Fill Campaign ID and Ad Group ID after manual Apple Ads campaign/ad group creation.
TIVZ_UA_SR_EXACT_W1,Ukraine,UA_CORE_EXACT,CREATE,,запис на послуги для бізнесу,EXACT,ACTIVE,$0.25,,,Fill Campaign ID and Ad Group ID after manual Apple Ads campaign/ad group creation.
TIVZ_UA_SR_EXACT_W1,Ukraine,UA_CORE_EXACT,CREATE,,автоматизація салону,EXACT,ACTIVE,$0.25,,,Fill Campaign ID and Ad Group ID after manual Apple Ads campaign/ad group creation.
TIVZ_UA_SR_EXACT_W1,Ukraine,UA_CORE_EXACT,CREATE,,система запису клієнтів,EXACT,ACTIVE,$0.25,,,Fill Campaign ID and Ad Group ID after manual Apple Ads campaign/ad group creation.
TIVZ_UA_SR_EXACT_W1,Ukraine,UA_CORE_EXACT,CREATE,,система бронювання клієнтів,EXACT,ACTIVE,$0.25,,,Fill Campaign ID and Ad Group ID after manual Apple Ads campaign/ad group creation.
TIVZ_UA_SR_EXACT_W1,Ukraine,UA_CORE_EXACT,CREATE,,бронювання клієнтів,EXACT,ACTIVE,$0.25,,,Fill Campaign ID and Ad Group ID after manual Apple Ads campaign/ad group creation.
TIVZ_UA_SR_EXACT_W1,Ukraine,UA_CORE_EXACT,CREATE,,додаток для бронювання клієнтів,EXACT,ACTIVE,$0.25,,,Fill Campaign ID and Ad Group ID after manual Apple Ads campaign/ad group creation.
TIVZ_UA_SR_EXACT_W1,Ukraine,UA_CORE_EXACT,CREATE,,програма бронювання клієнтів,EXACT,ACTIVE,$0.25,,,Fill Campaign ID and Ad Group ID after manual Apple Ads campaign/ad group creation.
TIVZ_UA_SR_EXACT_W1,Ukraine,UA_PROFESSIONS_EXACT,CREATE,,додаток для майстра манікюру,EXACT,ACTIVE,$0.20,,,Fill Campaign ID and Ad Group ID after manual Apple Ads campaign/ad group creation.
TIVZ_UA_SR_EXACT_W1,Ukraine,UA_PROFESSIONS_EXACT,CREATE,,запис клієнтів манікюр,EXACT,ACTIVE,$0.20,,,Fill Campaign ID and Ad Group ID after manual Apple Ads campaign/ad group creation.
TIVZ_UA_SR_EXACT_W1,Ukraine,UA_PROFESSIONS_EXACT,CREATE,,календар майстра манікюру,EXACT,ACTIVE,$0.20,,,Fill Campaign ID and Ad Group ID after manual Apple Ads campaign/ad group creation.
TIVZ_UA_SR_EXACT_W1,Ukraine,UA_PROFESSIONS_EXACT,CREATE,,програма для майстра манікюру,EXACT,ACTIVE,$0.20,,,Fill Campaign ID and Ad Group ID after manual Apple Ads campaign/ad group creation.
TIVZ_UA_SR_EXACT_W1,Ukraine,UA_PROFESSIONS_EXACT,CREATE,,crm для майстра манікюру,EXACT,ACTIVE,$0.20,,,Fill Campaign ID and Ad Group ID after manual Apple Ads campaign/ad group creation.
TIVZ_UA_SR_EXACT_W1,Ukraine,UA_PROFESSIONS_EXACT,CREATE,,додаток для перукаря,EXACT,ACTIVE,$0.20,,,Fill Campaign ID and Ad Group ID after manual Apple Ads campaign/ad group creation.
TIVZ_UA_SR_EXACT_W1,Ukraine,UA_PROFESSIONS_EXACT,CREATE,,календар перукаря,EXACT,ACTIVE,$0.20,,,Fill Campaign ID and Ad Group ID after manual Apple Ads campaign/ad group creation.
TIVZ_UA_SR_EXACT_W1,Ukraine,UA_PROFESSIONS_EXACT,CREATE,,запис клієнтів перукар,EXACT,ACTIVE,$0.20,,,Fill Campaign ID and Ad Group ID after manual Apple Ads campaign/ad group creation.
TIVZ_UA_SR_EXACT_W1,Ukraine,UA_PROFESSIONS_EXACT,CREATE,,програма для перукаря,EXACT,ACTIVE,$0.20,,,Fill Campaign ID and Ad Group ID after manual Apple Ads campaign/ad group creation.
TIVZ_UA_SR_EXACT_W1,Ukraine,UA_PROFESSIONS_EXACT,CREATE,,додаток для барбера,EXACT,ACTIVE,$0.20,,,Fill Campaign ID and Ad Group ID after manual Apple Ads campaign/ad group creation.
TIVZ_UA_SR_EXACT_W1,Ukraine,UA_PROFESSIONS_EXACT,CREATE,,календар барбера,EXACT,ACTIVE,$0.20,,,Fill Campaign ID and Ad Group ID after manual Apple Ads campaign/ad group creation.
TIVZ_UA_SR_EXACT_W1,Ukraine,UA_PROFESSIONS_EXACT,CREATE,,запис клієнтів барбер,EXACT,ACTIVE,$0.20,,,Fill Campaign ID and Ad Group ID after manual Apple Ads campaign/ad group creation.
TIVZ_UA_SR_EXACT_W1,Ukraine,UA_PROFESSIONS_EXACT,CREATE,,програма для барбера,EXACT,ACTIVE,$0.20,,,Fill Campaign ID and Ad Group ID after manual Apple Ads campaign/ad group creation.
TIVZ_UA_SR_EXACT_W1,Ukraine,UA_PROFESSIONS_EXACT,CREATE,,додаток для косметолога,EXACT,ACTIVE,$0.20,,,Fill Campaign ID and Ad Group ID after manual Apple Ads campaign/ad group creation.
TIVZ_UA_SR_EXACT_W1,Ukraine,UA_PROFESSIONS_EXACT,CREATE,,календар косметолога,EXACT,ACTIVE,$0.20,,,Fill Campaign ID and Ad Group ID after manual Apple Ads campaign/ad group creation.
TIVZ_UA_SR_EXACT_W1,Ukraine,UA_PROFESSIONS_EXACT,CREATE,,запис клієнтів косметолог,EXACT,ACTIVE,$0.20,,,Fill Campaign ID and Ad Group ID after manual Apple Ads campaign/ad group creation.
TIVZ_UA_SR_EXACT_W1,Ukraine,UA_PROFESSIONS_EXACT,CREATE,,програма для косметолога,EXACT,ACTIVE,$0.20,,,Fill Campaign ID and Ad Group ID after manual Apple Ads campaign/ad group creation.
TIVZ_UA_SR_EXACT_W1,Ukraine,UA_PROFESSIONS_EXACT,CREATE,,додаток для масажиста,EXACT,ACTIVE,$0.20,,,Fill Campaign ID and Ad Group ID after manual Apple Ads campaign/ad group creation.
TIVZ_UA_SR_EXACT_W1,Ukraine,UA_PROFESSIONS_EXACT,CREATE,,календар масажиста,EXACT,ACTIVE,$0.20,,,Fill Campaign ID and Ad Group ID after manual Apple Ads campaign/ad group creation.
TIVZ_UA_SR_EXACT_W1,Ukraine,UA_PROFESSIONS_EXACT,CREATE,,запис клієнтів масажист,EXACT,ACTIVE,$0.20,,,Fill Campaign ID and Ad Group ID after manual Apple Ads campaign/ad group creation.
TIVZ_UA_SR_EXACT_W1,Ukraine,UA_PROFESSIONS_EXACT,CREATE,,програма для масажиста,EXACT,ACTIVE,$0.20,,,Fill Campaign ID and Ad Group ID after manual Apple Ads campaign/ad group creation.
TIVZ_UA_SR_EXACT_W1,Ukraine,UA_PROFESSIONS_EXACT,CREATE,,додаток для бровіста,EXACT,ACTIVE,$0.20,,,Fill Campaign ID and Ad Group ID after manual Apple Ads campaign/ad group creation.
TIVZ_UA_SR_EXACT_W1,Ukraine,UA_PROFESSIONS_EXACT,CREATE,,календар бровіста,EXACT,ACTIVE,$0.20,,,Fill Campaign ID and Ad Group ID after manual Apple Ads campaign/ad group creation.
TIVZ_UA_SR_EXACT_W1,Ukraine,UA_PROFESSIONS_EXACT,CREATE,,запис клієнтів бровіст,EXACT,ACTIVE,$0.20,,,Fill Campaign ID and Ad Group ID after manual Apple Ads campaign/ad group creation.
TIVZ_UA_SR_EXACT_W1,Ukraine,UA_PROFESSIONS_EXACT,CREATE,,додаток для лешмейкера,EXACT,ACTIVE,$0.20,,,Fill Campaign ID and Ad Group ID after manual Apple Ads campaign/ad group creation.
TIVZ_UA_SR_EXACT_W1,Ukraine,UA_PROFESSIONS_EXACT,CREATE,,календар лешмейкера,EXACT,ACTIVE,$0.20,,,Fill Campaign ID and Ad Group ID after manual Apple Ads campaign/ad group creation.
TIVZ_UA_SR_EXACT_W1,Ukraine,UA_PROFESSIONS_EXACT,CREATE,,запис клієнтів лешмейкер,EXACT,ACTIVE,$0.20,,,Fill Campaign ID and Ad Group ID after manual Apple Ads campaign/ad group creation.
TIVZ_UA_SR_EXACT_W1,Ukraine,UA_PROFESSIONS_EXACT,CREATE,,додаток для майстра депіляції,EXACT,ACTIVE,$0.20,,,Fill Campaign ID and Ad Group ID after manual Apple Ads campaign/ad group creation.
TIVZ_UA_SR_EXACT_W1,Ukraine,UA_PROFESSIONS_EXACT,CREATE,,запис клієнтів депіляція,EXACT,ACTIVE,$0.20,,,Fill Campaign ID and Ad Group ID after manual Apple Ads campaign/ad group creation.
TIVZ_UA_SR_EXACT_W1,Ukraine,UA_PROFESSIONS_EXACT,CREATE,,календар майстра депіляції,EXACT,ACTIVE,$0.20,,,Fill Campaign ID and Ad Group ID after manual Apple Ads campaign/ad group creation.
TIVZ_UA_SR_EXACT_W1,Ukraine,UA_PROFESSIONS_EXACT,CREATE,,додаток для салону манікюру,EXACT,ACTIVE,$0.20,,,Fill Campaign ID and Ad Group ID after manual Apple Ads campaign/ad group creation.
TIVZ_UA_SR_EXACT_W1,Ukraine,UA_PROFESSIONS_EXACT,CREATE,,додаток для салону краси,EXACT,ACTIVE,$0.20,,,Fill Campaign ID and Ad Group ID after manual Apple Ads campaign/ad group creation.
TIVZ_UA_SR_EXACT_W1,Ukraine,UA_PROFESSIONS_EXACT,CREATE,,календар салону краси,EXACT,ACTIVE,$0.20,,,Fill Campaign ID and Ad Group ID after manual Apple Ads campaign/ad group creation.
TIVZ_UA_SR_EXACT_W1,Ukraine,UA_PROFESSIONS_EXACT,CREATE,,програма для салону краси,EXACT,ACTIVE,$0.20,,,Fill Campaign ID and Ad Group ID after manual Apple Ads campaign/ad group creation.
TIVZ_UA_SR_EXACT_W1,Ukraine,UA_PROFESSIONS_EXACT,CREATE,,запис клієнтів салон краси,EXACT,ACTIVE,$0.20,,,Fill Campaign ID and Ad Group ID after manual Apple Ads campaign/ad group creation.
TIVZ_UA_SR_EXACT_W1,Ukraine,RU_CORE_EXACT,CREATE,,онлайн запись клиентов,EXACT,ACTIVE,$0.25,,,Fill Campaign ID and Ad Group ID after manual Apple Ads campaign/ad group creation.
TIVZ_UA_SR_EXACT_W1,Ukraine,RU_CORE_EXACT,CREATE,,приложение для записи клиентов,EXACT,ACTIVE,$0.25,,,Fill Campaign ID and Ad Group ID after manual Apple Ads campaign/ad group creation.
TIVZ_UA_SR_EXACT_W1,Ukraine,RU_CORE_EXACT,CREATE,,программа для записи клиентов,EXACT,ACTIVE,$0.25,,,Fill Campaign ID and Ad Group ID after manual Apple Ads campaign/ad group creation.
TIVZ_UA_SR_EXACT_W1,Ukraine,RU_CORE_EXACT,CREATE,,запись клиентов,EXACT,ACTIVE,$0.25,,,Fill Campaign ID and Ad Group ID after manual Apple Ads campaign/ad group creation.
TIVZ_UA_SR_EXACT_W1,Ukraine,RU_CORE_EXACT,CREATE,,календарь записи клиентов,EXACT,ACTIVE,$0.25,,,Fill Campaign ID and Ad Group ID after manual Apple Ads campaign/ad group creation.
TIVZ_UA_SR_EXACT_W1,Ukraine,RU_CORE_EXACT,CREATE,,календарь клиентов,EXACT,ACTIVE,$0.25,,,Fill Campaign ID and Ad Group ID after manual Apple Ads campaign/ad group creation.
TIVZ_UA_SR_EXACT_W1,Ukraine,RU_CORE_EXACT,CREATE,,расписание клиентов,EXACT,ACTIVE,$0.25,,,Fill Campaign ID and Ad Group ID after manual Apple Ads campaign/ad group creation.
TIVZ_UA_SR_EXACT_W1,Ukraine,RU_CORE_EXACT,CREATE,,календарь мастера,EXACT,ACTIVE,$0.25,,,Fill Campaign ID and Ad Group ID after manual Apple Ads campaign/ad group creation.
TIVZ_UA_SR_EXACT_W1,Ukraine,RU_CORE_EXACT,CREATE,,расписание мастера,EXACT,ACTIVE,$0.25,,,Fill Campaign ID and Ad Group ID after manual Apple Ads campaign/ad group creation.
TIVZ_UA_SR_EXACT_W1,Ukraine,RU_CORE_EXACT,CREATE,,запись для мастера,EXACT,ACTIVE,$0.25,,,Fill Campaign ID and Ad Group ID after manual Apple Ads campaign/ad group creation.
TIVZ_UA_SR_EXACT_W1,Ukraine,RU_CORE_EXACT,CREATE,,приложение для мастера,EXACT,ACTIVE,$0.25,,,Fill Campaign ID and Ad Group ID after manual Apple Ads campaign/ad group creation.
TIVZ_UA_SR_EXACT_W1,Ukraine,RU_CORE_EXACT,CREATE,,crm для мастера,EXACT,ACTIVE,$0.25,,,Fill Campaign ID and Ad Group ID after manual Apple Ads campaign/ad group creation.
TIVZ_UA_SR_EXACT_W1,Ukraine,RU_CORE_EXACT,CREATE,,crm салона красоты,EXACT,ACTIVE,$0.25,,,Fill Campaign ID and Ad Group ID after manual Apple Ads campaign/ad group creation.
TIVZ_UA_SR_EXACT_W1,Ukraine,RU_CORE_EXACT,CREATE,,программа для салона красоты,EXACT,ACTIVE,$0.25,,,Fill Campaign ID and Ad Group ID after manual Apple Ads campaign/ad group creation.
TIVZ_UA_SR_EXACT_W1,Ukraine,RU_CORE_EXACT,CREATE,,приложение для салона красоты,EXACT,ACTIVE,$0.25,,,Fill Campaign ID and Ad Group ID after manual Apple Ads campaign/ad group creation.
TIVZ_UA_SR_EXACT_W1,Ukraine,RU_CORE_EXACT,CREATE,,онлайн запись для салона,EXACT,ACTIVE,$0.25,,,Fill Campaign ID and Ad Group ID after manual Apple Ads campaign/ad group creation.
TIVZ_UA_SR_EXACT_W1,Ukraine,RU_CORE_EXACT,CREATE,,онлайн запись для салона красоты,EXACT,ACTIVE,$0.25,,,Fill Campaign ID and Ad Group ID after manual Apple Ads campaign/ad group creation.
TIVZ_UA_SR_EXACT_W1,Ukraine,RU_CORE_EXACT,CREATE,,учет клиентов салон,EXACT,ACTIVE,$0.25,,,Fill Campaign ID and Ad Group ID after manual Apple Ads campaign/ad group creation.
TIVZ_UA_SR_EXACT_W1,Ukraine,RU_CORE_EXACT,CREATE,,учет клиентов,EXACT,ACTIVE,$0.25,,,Fill Campaign ID and Ad Group ID after manual Apple Ads campaign/ad group creation.
TIVZ_UA_SR_EXACT_W1,Ukraine,RU_CORE_EXACT,CREATE,,база клиентов,EXACT,ACTIVE,$0.25,,,Fill Campaign ID and Ad Group ID after manual Apple Ads campaign/ad group creation.
TIVZ_UA_SR_EXACT_W1,Ukraine,RU_CORE_EXACT,CREATE,,база клиентов мастера,EXACT,ACTIVE,$0.25,,,Fill Campaign ID and Ad Group ID after manual Apple Ads campaign/ad group creation.
TIVZ_UA_SR_EXACT_W1,Ukraine,RU_CORE_EXACT,CREATE,,журнал записи клиентов,EXACT,ACTIVE,$0.25,,,Fill Campaign ID and Ad Group ID after manual Apple Ads campaign/ad group creation.
TIVZ_UA_SR_EXACT_W1,Ukraine,RU_CORE_EXACT,CREATE,,электронная запись клиентов,EXACT,ACTIVE,$0.25,,,Fill Campaign ID and Ad Group ID after manual Apple Ads campaign/ad group creation.
TIVZ_UA_SR_EXACT_W1,Ukraine,RU_CORE_EXACT,CREATE,,запись клиентов онлайн,EXACT,ACTIVE,$0.25,,,Fill Campaign ID and Ad Group ID after manual Apple Ads campaign/ad group creation.
TIVZ_UA_SR_EXACT_W1,Ukraine,RU_CORE_EXACT,CREATE,,управление записью клиентов,EXACT,ACTIVE,$0.25,,,Fill Campaign ID and Ad Group ID after manual Apple Ads campaign/ad group creation.
TIVZ_UA_SR_EXACT_W1,Ukraine,RU_CORE_EXACT,CREATE,,клиенты и записи,EXACT,ACTIVE,$0.25,,,Fill Campaign ID and Ad Group ID after manual Apple Ads campaign/ad group creation.
TIVZ_UA_SR_EXACT_W1,Ukraine,RU_CORE_EXACT,CREATE,,услуги и записи,EXACT,ACTIVE,$0.25,,,Fill Campaign ID and Ad Group ID after manual Apple Ads campaign/ad group creation.
TIVZ_UA_SR_EXACT_W1,Ukraine,RU_CORE_EXACT,CREATE,,расписание салона,EXACT,ACTIVE,$0.25,,,Fill Campaign ID and Ad Group ID after manual Apple Ads campaign/ad group creation.
TIVZ_UA_SR_EXACT_W1,Ukraine,RU_CORE_EXACT,CREATE,,календарь салона красоты,EXACT,ACTIVE,$0.25,,,Fill Campaign ID and Ad Group ID after manual Apple Ads campaign/ad group creation.
TIVZ_UA_SR_EXACT_W1,Ukraine,RU_CORE_EXACT,CREATE,,календарь для бизнеса,EXACT,ACTIVE,$0.25,,,Fill Campaign ID and Ad Group ID after manual Apple Ads campaign/ad group creation.
TIVZ_UA_SR_EXACT_W1,Ukraine,RU_CORE_EXACT,CREATE,,приложение для услуг,EXACT,ACTIVE,$0.25,,,Fill Campaign ID and Ad Group ID after manual Apple Ads campaign/ad group creation.
TIVZ_UA_SR_EXACT_W1,Ukraine,RU_CORE_EXACT,CREATE,,программа для услуг,EXACT,ACTIVE,$0.25,,,Fill Campaign ID and Ad Group ID after manual Apple Ads campaign/ad group creation.
TIVZ_UA_SR_EXACT_W1,Ukraine,RU_CORE_EXACT,CREATE,,запись на услуги для бизнеса,EXACT,ACTIVE,$0.25,,,Fill Campaign ID and Ad Group ID after manual Apple Ads campaign/ad group creation.
TIVZ_UA_SR_EXACT_W1,Ukraine,RU_CORE_EXACT,CREATE,,автоматизация салона,EXACT,ACTIVE,$0.25,,,Fill Campaign ID and Ad Group ID after manual Apple Ads campaign/ad group creation.
TIVZ_UA_SR_EXACT_W1,Ukraine,RU_CORE_EXACT,CREATE,,система записи клиентов,EXACT,ACTIVE,$0.25,,,Fill Campaign ID and Ad Group ID after manual Apple Ads campaign/ad group creation.
TIVZ_UA_SR_EXACT_W1,Ukraine,RU_CORE_EXACT,CREATE,,система бронирования клиентов,EXACT,ACTIVE,$0.25,,,Fill Campaign ID and Ad Group ID after manual Apple Ads campaign/ad group creation.
TIVZ_UA_SR_EXACT_W1,Ukraine,RU_CORE_EXACT,CREATE,,бронирование клиентов,EXACT,ACTIVE,$0.25,,,Fill Campaign ID and Ad Group ID after manual Apple Ads campaign/ad group creation.
TIVZ_UA_SR_EXACT_W1,Ukraine,RU_CORE_EXACT,CREATE,,приложение для бронирования клиентов,EXACT,ACTIVE,$0.25,,,Fill Campaign ID and Ad Group ID after manual Apple Ads campaign/ad group creation.
TIVZ_UA_SR_EXACT_W1,Ukraine,RU_CORE_EXACT,CREATE,,программа бронирования клиентов,EXACT,ACTIVE,$0.25,,,Fill Campaign ID and Ad Group ID after manual Apple Ads campaign/ad group creation.
TIVZ_UA_SR_EXACT_W1,Ukraine,RU_PROFESSIONS_EXACT,CREATE,,приложение для мастера маникюра,EXACT,ACTIVE,$0.20,,,Fill Campaign ID and Ad Group ID after manual Apple Ads campaign/ad group creation.
TIVZ_UA_SR_EXACT_W1,Ukraine,RU_PROFESSIONS_EXACT,CREATE,,запись клиентов маникюр,EXACT,ACTIVE,$0.20,,,Fill Campaign ID and Ad Group ID after manual Apple Ads campaign/ad group creation.
TIVZ_UA_SR_EXACT_W1,Ukraine,RU_PROFESSIONS_EXACT,CREATE,,календарь мастера маникюра,EXACT,ACTIVE,$0.20,,,Fill Campaign ID and Ad Group ID after manual Apple Ads campaign/ad group creation.
TIVZ_UA_SR_EXACT_W1,Ukraine,RU_PROFESSIONS_EXACT,CREATE,,программа для мастера маникюра,EXACT,ACTIVE,$0.20,,,Fill Campaign ID and Ad Group ID after manual Apple Ads campaign/ad group creation.
TIVZ_UA_SR_EXACT_W1,Ukraine,RU_PROFESSIONS_EXACT,CREATE,,crm для мастера маникюра,EXACT,ACTIVE,$0.20,,,Fill Campaign ID and Ad Group ID after manual Apple Ads campaign/ad group creation.
TIVZ_UA_SR_EXACT_W1,Ukraine,RU_PROFESSIONS_EXACT,CREATE,,приложение для парикмахера,EXACT,ACTIVE,$0.20,,,Fill Campaign ID and Ad Group ID after manual Apple Ads campaign/ad group creation.
TIVZ_UA_SR_EXACT_W1,Ukraine,RU_PROFESSIONS_EXACT,CREATE,,календарь парикмахера,EXACT,ACTIVE,$0.20,,,Fill Campaign ID and Ad Group ID after manual Apple Ads campaign/ad group creation.
TIVZ_UA_SR_EXACT_W1,Ukraine,RU_PROFESSIONS_EXACT,CREATE,,запись клиентов парикмахер,EXACT,ACTIVE,$0.20,,,Fill Campaign ID and Ad Group ID after manual Apple Ads campaign/ad group creation.
TIVZ_UA_SR_EXACT_W1,Ukraine,RU_PROFESSIONS_EXACT,CREATE,,программа для парикмахера,EXACT,ACTIVE,$0.20,,,Fill Campaign ID and Ad Group ID after manual Apple Ads campaign/ad group creation.
TIVZ_UA_SR_EXACT_W1,Ukraine,RU_PROFESSIONS_EXACT,CREATE,,приложение для барбера,EXACT,ACTIVE,$0.20,,,Fill Campaign ID and Ad Group ID after manual Apple Ads campaign/ad group creation.
TIVZ_UA_SR_EXACT_W1,Ukraine,RU_PROFESSIONS_EXACT,CREATE,,календарь барбера,EXACT,ACTIVE,$0.20,,,Fill Campaign ID and Ad Group ID after manual Apple Ads campaign/ad group creation.
TIVZ_UA_SR_EXACT_W1,Ukraine,RU_PROFESSIONS_EXACT,CREATE,,запись клиентов барбер,EXACT,ACTIVE,$0.20,,,Fill Campaign ID and Ad Group ID after manual Apple Ads campaign/ad group creation.
TIVZ_UA_SR_EXACT_W1,Ukraine,RU_PROFESSIONS_EXACT,CREATE,,программа для барбера,EXACT,ACTIVE,$0.20,,,Fill Campaign ID and Ad Group ID after manual Apple Ads campaign/ad group creation.
TIVZ_UA_SR_EXACT_W1,Ukraine,RU_PROFESSIONS_EXACT,CREATE,,приложение для косметолога,EXACT,ACTIVE,$0.20,,,Fill Campaign ID and Ad Group ID after manual Apple Ads campaign/ad group creation.
TIVZ_UA_SR_EXACT_W1,Ukraine,RU_PROFESSIONS_EXACT,CREATE,,календарь косметолога,EXACT,ACTIVE,$0.20,,,Fill Campaign ID and Ad Group ID after manual Apple Ads campaign/ad group creation.
TIVZ_UA_SR_EXACT_W1,Ukraine,RU_PROFESSIONS_EXACT,CREATE,,запись клиентов косметолог,EXACT,ACTIVE,$0.20,,,Fill Campaign ID and Ad Group ID after manual Apple Ads campaign/ad group creation.
TIVZ_UA_SR_EXACT_W1,Ukraine,RU_PROFESSIONS_EXACT,CREATE,,программа для косметолога,EXACT,ACTIVE,$0.20,,,Fill Campaign ID and Ad Group ID after manual Apple Ads campaign/ad group creation.
TIVZ_UA_SR_EXACT_W1,Ukraine,RU_PROFESSIONS_EXACT,CREATE,,приложение для массажиста,EXACT,ACTIVE,$0.20,,,Fill Campaign ID and Ad Group ID after manual Apple Ads campaign/ad group creation.
TIVZ_UA_SR_EXACT_W1,Ukraine,RU_PROFESSIONS_EXACT,CREATE,,календарь массажиста,EXACT,ACTIVE,$0.20,,,Fill Campaign ID and Ad Group ID after manual Apple Ads campaign/ad group creation.
TIVZ_UA_SR_EXACT_W1,Ukraine,RU_PROFESSIONS_EXACT,CREATE,,запись клиентов массажист,EXACT,ACTIVE,$0.20,,,Fill Campaign ID and Ad Group ID after manual Apple Ads campaign/ad group creation.
TIVZ_UA_SR_EXACT_W1,Ukraine,RU_PROFESSIONS_EXACT,CREATE,,программа для массажиста,EXACT,ACTIVE,$0.20,,,Fill Campaign ID and Ad Group ID after manual Apple Ads campaign/ad group creation.
TIVZ_UA_SR_EXACT_W1,Ukraine,RU_PROFESSIONS_EXACT,CREATE,,приложение для бровиста,EXACT,ACTIVE,$0.20,,,Fill Campaign ID and Ad Group ID after manual Apple Ads campaign/ad group creation.
TIVZ_UA_SR_EXACT_W1,Ukraine,RU_PROFESSIONS_EXACT,CREATE,,календарь бровиста,EXACT,ACTIVE,$0.20,,,Fill Campaign ID and Ad Group ID after manual Apple Ads campaign/ad group creation.
TIVZ_UA_SR_EXACT_W1,Ukraine,RU_PROFESSIONS_EXACT,CREATE,,запись клиентов бровист,EXACT,ACTIVE,$0.20,,,Fill Campaign ID and Ad Group ID after manual Apple Ads campaign/ad group creation.
TIVZ_UA_SR_EXACT_W1,Ukraine,RU_PROFESSIONS_EXACT,CREATE,,приложение для лешмейкера,EXACT,ACTIVE,$0.20,,,Fill Campaign ID and Ad Group ID after manual Apple Ads campaign/ad group creation.
TIVZ_UA_SR_EXACT_W1,Ukraine,RU_PROFESSIONS_EXACT,CREATE,,календарь лешмейкера,EXACT,ACTIVE,$0.20,,,Fill Campaign ID and Ad Group ID after manual Apple Ads campaign/ad group creation.
TIVZ_UA_SR_EXACT_W1,Ukraine,RU_PROFESSIONS_EXACT,CREATE,,запись клиентов лешмейкер,EXACT,ACTIVE,$0.20,,,Fill Campaign ID and Ad Group ID after manual Apple Ads campaign/ad group creation.
TIVZ_UA_SR_EXACT_W1,Ukraine,RU_PROFESSIONS_EXACT,CREATE,,приложение для мастера депиляции,EXACT,ACTIVE,$0.20,,,Fill Campaign ID and Ad Group ID after manual Apple Ads campaign/ad group creation.
TIVZ_UA_SR_EXACT_W1,Ukraine,RU_PROFESSIONS_EXACT,CREATE,,запись клиентов депиляция,EXACT,ACTIVE,$0.20,,,Fill Campaign ID and Ad Group ID after manual Apple Ads campaign/ad group creation.
TIVZ_UA_SR_EXACT_W1,Ukraine,RU_PROFESSIONS_EXACT,CREATE,,календарь мастера депиляции,EXACT,ACTIVE,$0.20,,,Fill Campaign ID and Ad Group ID after manual Apple Ads campaign/ad group creation.
TIVZ_UA_SR_EXACT_W1,Ukraine,RU_PROFESSIONS_EXACT,CREATE,,приложение для салона маникюра,EXACT,ACTIVE,$0.20,,,Fill Campaign ID and Ad Group ID after manual Apple Ads campaign/ad group creation.
TIVZ_UA_SR_EXACT_W1,Ukraine,RU_PROFESSIONS_EXACT,CREATE,,приложение для салона красоты,EXACT,ACTIVE,$0.20,,,Fill Campaign ID and Ad Group ID after manual Apple Ads campaign/ad group creation.
TIVZ_UA_SR_EXACT_W1,Ukraine,RU_PROFESSIONS_EXACT,CREATE,,календарь салона красоты,EXACT,ACTIVE,$0.20,,,Fill Campaign ID and Ad Group ID after manual Apple Ads campaign/ad group creation.
TIVZ_UA_SR_EXACT_W1,Ukraine,RU_PROFESSIONS_EXACT,CREATE,,программа для салона красоты,EXACT,ACTIVE,$0.20,,,Fill Campaign ID and Ad Group ID after manual Apple Ads campaign/ad group creation.
TIVZ_UA_SR_EXACT_W1,Ukraine,RU_PROFESSIONS_EXACT,CREATE,,запись клиентов салон красоты,EXACT,ACTIVE,$0.20,,,Fill Campaign ID and Ad Group ID after manual Apple Ads campaign/ad group creation.
TIVZ_UA_SR_EXACT_W1,Ukraine,BRAND_EXACT,CREATE,,timviz,EXACT,ACTIVE,$0.12,,,Fill Campaign ID and Ad Group ID after manual Apple Ads campaign/ad group creation.
TIVZ_UA_SR_EXACT_W1,Ukraine,BRAND_EXACT,CREATE,,timviz master,EXACT,ACTIVE,$0.12,,,Fill Campaign ID and Ad Group ID after manual Apple Ads campaign/ad group creation.
TIVZ_UA_SR_EXACT_W1,Ukraine,BRAND_EXACT,CREATE,,tim viz,EXACT,ACTIVE,$0.12,,,Fill Campaign ID and Ad Group ID after manual Apple Ads campaign/ad group creation.
TIVZ_UA_SR_EXACT_W1,Ukraine,BRAND_EXACT,CREATE,,timvis,EXACT,ACTIVE,$0.12,,,Fill Campaign ID and Ad Group ID after manual Apple Ads campaign/ad group creation.
TIVZ_UA_SR_EXACT_W1,Ukraine,BRAND_EXACT,CREATE,,tymviz,EXACT,ACTIVE,$0.12,,,Fill Campaign ID and Ad Group ID after manual Apple Ads campaign/ad group creation.
TIVZ_UA_SR_EXACT_W1,Ukraine,BRAND_EXACT,CREATE,,тимвиз,EXACT,ACTIVE,$0.12,,,Fill Campaign ID and Ad Group ID after manual Apple Ads campaign/ad group creation.
TIVZ_UA_SR_EXACT_W1,Ukraine,BRAND_EXACT,CREATE,,тімвіз,EXACT,ACTIVE,$0.12,,,Fill Campaign ID and Ad Group ID after manual Apple Ads campaign/ad group creation.
TIVZ_UA_SR_EXACT_W1,Ukraine,BRAND_EXACT,CREATE,,тимвіз мастер,EXACT,ACTIVE,$0.12,,,Fill Campaign ID and Ad Group ID after manual Apple Ads campaign/ad group creation.
TIVZ_UA_SR_EXACT_W1,Ukraine,BRAND_EXACT,CREATE,,timviz app,EXACT,ACTIVE,$0.12,,,Fill Campaign ID and Ad Group ID after manual Apple Ads campaign/ad group creation.
TIVZ_UA_SR_EXACT_W1,Ukraine,BRAND_EXACT,CREATE,,timviz booking,EXACT,ACTIVE,$0.12,,,Fill Campaign ID and Ad Group ID after manual Apple Ads campaign/ad group creation.
TIVZ_UA_SR_EXACT_W1,Ukraine,BRAND_EXACT,CREATE,,timviz calendar,EXACT,ACTIVE,$0.12,,,Fill Campaign ID and Ad Group ID after manual Apple Ads campaign/ad group creation.
TIVZ_KZ_SR_EXACT_W1,Kazakhstan,RU_CORE_EXACT,CREATE,,онлайн запись клиентов,EXACT,ACTIVE,$0.20,,,Fill Campaign ID and Ad Group ID after manual Apple Ads campaign/ad group creation.
TIVZ_KZ_SR_EXACT_W1,Kazakhstan,RU_CORE_EXACT,CREATE,,приложение для записи клиентов,EXACT,ACTIVE,$0.20,,,Fill Campaign ID and Ad Group ID after manual Apple Ads campaign/ad group creation.
TIVZ_KZ_SR_EXACT_W1,Kazakhstan,RU_CORE_EXACT,CREATE,,программа для записи клиентов,EXACT,ACTIVE,$0.20,,,Fill Campaign ID and Ad Group ID after manual Apple Ads campaign/ad group creation.
TIVZ_KZ_SR_EXACT_W1,Kazakhstan,RU_CORE_EXACT,CREATE,,запись клиентов,EXACT,ACTIVE,$0.20,,,Fill Campaign ID and Ad Group ID after manual Apple Ads campaign/ad group creation.
TIVZ_KZ_SR_EXACT_W1,Kazakhstan,RU_CORE_EXACT,CREATE,,календарь записи клиентов,EXACT,ACTIVE,$0.20,,,Fill Campaign ID and Ad Group ID after manual Apple Ads campaign/ad group creation.
TIVZ_KZ_SR_EXACT_W1,Kazakhstan,RU_CORE_EXACT,CREATE,,календарь клиентов,EXACT,ACTIVE,$0.20,,,Fill Campaign ID and Ad Group ID after manual Apple Ads campaign/ad group creation.
TIVZ_KZ_SR_EXACT_W1,Kazakhstan,RU_CORE_EXACT,CREATE,,расписание клиентов,EXACT,ACTIVE,$0.20,,,Fill Campaign ID and Ad Group ID after manual Apple Ads campaign/ad group creation.
TIVZ_KZ_SR_EXACT_W1,Kazakhstan,RU_CORE_EXACT,CREATE,,календарь мастера,EXACT,ACTIVE,$0.20,,,Fill Campaign ID and Ad Group ID after manual Apple Ads campaign/ad group creation.
TIVZ_KZ_SR_EXACT_W1,Kazakhstan,RU_CORE_EXACT,CREATE,,расписание мастера,EXACT,ACTIVE,$0.20,,,Fill Campaign ID and Ad Group ID after manual Apple Ads campaign/ad group creation.
TIVZ_KZ_SR_EXACT_W1,Kazakhstan,RU_CORE_EXACT,CREATE,,запись для мастера,EXACT,ACTIVE,$0.20,,,Fill Campaign ID and Ad Group ID after manual Apple Ads campaign/ad group creation.
TIVZ_KZ_SR_EXACT_W1,Kazakhstan,RU_CORE_EXACT,CREATE,,приложение для мастера,EXACT,ACTIVE,$0.20,,,Fill Campaign ID and Ad Group ID after manual Apple Ads campaign/ad group creation.
TIVZ_KZ_SR_EXACT_W1,Kazakhstan,RU_CORE_EXACT,CREATE,,crm для мастера,EXACT,ACTIVE,$0.20,,,Fill Campaign ID and Ad Group ID after manual Apple Ads campaign/ad group creation.
TIVZ_KZ_SR_EXACT_W1,Kazakhstan,RU_CORE_EXACT,CREATE,,crm салона красоты,EXACT,ACTIVE,$0.20,,,Fill Campaign ID and Ad Group ID after manual Apple Ads campaign/ad group creation.
TIVZ_KZ_SR_EXACT_W1,Kazakhstan,RU_CORE_EXACT,CREATE,,программа для салона красоты,EXACT,ACTIVE,$0.20,,,Fill Campaign ID and Ad Group ID after manual Apple Ads campaign/ad group creation.
TIVZ_KZ_SR_EXACT_W1,Kazakhstan,RU_CORE_EXACT,CREATE,,приложение для салона красоты,EXACT,ACTIVE,$0.20,,,Fill Campaign ID and Ad Group ID after manual Apple Ads campaign/ad group creation.
TIVZ_KZ_SR_EXACT_W1,Kazakhstan,RU_CORE_EXACT,CREATE,,онлайн запись для салона,EXACT,ACTIVE,$0.20,,,Fill Campaign ID and Ad Group ID after manual Apple Ads campaign/ad group creation.
TIVZ_KZ_SR_EXACT_W1,Kazakhstan,RU_CORE_EXACT,CREATE,,онлайн запись для салона красоты,EXACT,ACTIVE,$0.20,,,Fill Campaign ID and Ad Group ID after manual Apple Ads campaign/ad group creation.
TIVZ_KZ_SR_EXACT_W1,Kazakhstan,RU_CORE_EXACT,CREATE,,учет клиентов салон,EXACT,ACTIVE,$0.20,,,Fill Campaign ID and Ad Group ID after manual Apple Ads campaign/ad group creation.
TIVZ_KZ_SR_EXACT_W1,Kazakhstan,RU_CORE_EXACT,CREATE,,учет клиентов,EXACT,ACTIVE,$0.20,,,Fill Campaign ID and Ad Group ID after manual Apple Ads campaign/ad group creation.
TIVZ_KZ_SR_EXACT_W1,Kazakhstan,RU_CORE_EXACT,CREATE,,база клиентов,EXACT,ACTIVE,$0.20,,,Fill Campaign ID and Ad Group ID after manual Apple Ads campaign/ad group creation.
TIVZ_KZ_SR_EXACT_W1,Kazakhstan,RU_CORE_EXACT,CREATE,,база клиентов мастера,EXACT,ACTIVE,$0.20,,,Fill Campaign ID and Ad Group ID after manual Apple Ads campaign/ad group creation.
TIVZ_KZ_SR_EXACT_W1,Kazakhstan,RU_CORE_EXACT,CREATE,,журнал записи клиентов,EXACT,ACTIVE,$0.20,,,Fill Campaign ID and Ad Group ID after manual Apple Ads campaign/ad group creation.
TIVZ_KZ_SR_EXACT_W1,Kazakhstan,RU_CORE_EXACT,CREATE,,электронная запись клиентов,EXACT,ACTIVE,$0.20,,,Fill Campaign ID and Ad Group ID after manual Apple Ads campaign/ad group creation.
TIVZ_KZ_SR_EXACT_W1,Kazakhstan,RU_CORE_EXACT,CREATE,,запись клиентов онлайн,EXACT,ACTIVE,$0.20,,,Fill Campaign ID and Ad Group ID after manual Apple Ads campaign/ad group creation.
TIVZ_KZ_SR_EXACT_W1,Kazakhstan,RU_CORE_EXACT,CREATE,,управление записью клиентов,EXACT,ACTIVE,$0.20,,,Fill Campaign ID and Ad Group ID after manual Apple Ads campaign/ad group creation.
TIVZ_KZ_SR_EXACT_W1,Kazakhstan,RU_CORE_EXACT,CREATE,,клиенты и записи,EXACT,ACTIVE,$0.20,,,Fill Campaign ID and Ad Group ID after manual Apple Ads campaign/ad group creation.
TIVZ_KZ_SR_EXACT_W1,Kazakhstan,RU_CORE_EXACT,CREATE,,услуги и записи,EXACT,ACTIVE,$0.20,,,Fill Campaign ID and Ad Group ID after manual Apple Ads campaign/ad group creation.
TIVZ_KZ_SR_EXACT_W1,Kazakhstan,RU_CORE_EXACT,CREATE,,расписание салона,EXACT,ACTIVE,$0.20,,,Fill Campaign ID and Ad Group ID after manual Apple Ads campaign/ad group creation.
TIVZ_KZ_SR_EXACT_W1,Kazakhstan,RU_CORE_EXACT,CREATE,,календарь салона красоты,EXACT,ACTIVE,$0.20,,,Fill Campaign ID and Ad Group ID after manual Apple Ads campaign/ad group creation.
TIVZ_KZ_SR_EXACT_W1,Kazakhstan,RU_CORE_EXACT,CREATE,,календарь для бизнеса,EXACT,ACTIVE,$0.20,,,Fill Campaign ID and Ad Group ID after manual Apple Ads campaign/ad group creation.
TIVZ_KZ_SR_EXACT_W1,Kazakhstan,RU_CORE_EXACT,CREATE,,приложение для услуг,EXACT,ACTIVE,$0.20,,,Fill Campaign ID and Ad Group ID after manual Apple Ads campaign/ad group creation.
TIVZ_KZ_SR_EXACT_W1,Kazakhstan,RU_CORE_EXACT,CREATE,,программа для услуг,EXACT,ACTIVE,$0.20,,,Fill Campaign ID and Ad Group ID after manual Apple Ads campaign/ad group creation.
TIVZ_KZ_SR_EXACT_W1,Kazakhstan,RU_CORE_EXACT,CREATE,,запись на услуги для бизнеса,EXACT,ACTIVE,$0.20,,,Fill Campaign ID and Ad Group ID after manual Apple Ads campaign/ad group creation.
TIVZ_KZ_SR_EXACT_W1,Kazakhstan,RU_CORE_EXACT,CREATE,,автоматизация салона,EXACT,ACTIVE,$0.20,,,Fill Campaign ID and Ad Group ID after manual Apple Ads campaign/ad group creation.
TIVZ_KZ_SR_EXACT_W1,Kazakhstan,RU_CORE_EXACT,CREATE,,система записи клиентов,EXACT,ACTIVE,$0.20,,,Fill Campaign ID and Ad Group ID after manual Apple Ads campaign/ad group creation.
TIVZ_KZ_SR_EXACT_W1,Kazakhstan,RU_CORE_EXACT,CREATE,,система бронирования клиентов,EXACT,ACTIVE,$0.20,,,Fill Campaign ID and Ad Group ID after manual Apple Ads campaign/ad group creation.
TIVZ_KZ_SR_EXACT_W1,Kazakhstan,RU_CORE_EXACT,CREATE,,бронирование клиентов,EXACT,ACTIVE,$0.20,,,Fill Campaign ID and Ad Group ID after manual Apple Ads campaign/ad group creation.
TIVZ_KZ_SR_EXACT_W1,Kazakhstan,RU_CORE_EXACT,CREATE,,приложение для бронирования клиентов,EXACT,ACTIVE,$0.20,,,Fill Campaign ID and Ad Group ID after manual Apple Ads campaign/ad group creation.
TIVZ_KZ_SR_EXACT_W1,Kazakhstan,RU_CORE_EXACT,CREATE,,программа бронирования клиентов,EXACT,ACTIVE,$0.20,,,Fill Campaign ID and Ad Group ID after manual Apple Ads campaign/ad group creation.
TIVZ_KZ_SR_EXACT_W1,Kazakhstan,RU_PROFESSIONS_EXACT,CREATE,,приложение для мастера маникюра,EXACT,ACTIVE,$0.18,,,Fill Campaign ID and Ad Group ID after manual Apple Ads campaign/ad group creation.
TIVZ_KZ_SR_EXACT_W1,Kazakhstan,RU_PROFESSIONS_EXACT,CREATE,,запись клиентов маникюр,EXACT,ACTIVE,$0.18,,,Fill Campaign ID and Ad Group ID after manual Apple Ads campaign/ad group creation.
TIVZ_KZ_SR_EXACT_W1,Kazakhstan,RU_PROFESSIONS_EXACT,CREATE,,календарь мастера маникюра,EXACT,ACTIVE,$0.18,,,Fill Campaign ID and Ad Group ID after manual Apple Ads campaign/ad group creation.
TIVZ_KZ_SR_EXACT_W1,Kazakhstan,RU_PROFESSIONS_EXACT,CREATE,,программа для мастера маникюра,EXACT,ACTIVE,$0.18,,,Fill Campaign ID and Ad Group ID after manual Apple Ads campaign/ad group creation.
TIVZ_KZ_SR_EXACT_W1,Kazakhstan,RU_PROFESSIONS_EXACT,CREATE,,crm для мастера маникюра,EXACT,ACTIVE,$0.18,,,Fill Campaign ID and Ad Group ID after manual Apple Ads campaign/ad group creation.
TIVZ_KZ_SR_EXACT_W1,Kazakhstan,RU_PROFESSIONS_EXACT,CREATE,,приложение для парикмахера,EXACT,ACTIVE,$0.18,,,Fill Campaign ID and Ad Group ID after manual Apple Ads campaign/ad group creation.
TIVZ_KZ_SR_EXACT_W1,Kazakhstan,RU_PROFESSIONS_EXACT,CREATE,,календарь парикмахера,EXACT,ACTIVE,$0.18,,,Fill Campaign ID and Ad Group ID after manual Apple Ads campaign/ad group creation.
TIVZ_KZ_SR_EXACT_W1,Kazakhstan,RU_PROFESSIONS_EXACT,CREATE,,запись клиентов парикмахер,EXACT,ACTIVE,$0.18,,,Fill Campaign ID and Ad Group ID after manual Apple Ads campaign/ad group creation.
TIVZ_KZ_SR_EXACT_W1,Kazakhstan,RU_PROFESSIONS_EXACT,CREATE,,программа для парикмахера,EXACT,ACTIVE,$0.18,,,Fill Campaign ID and Ad Group ID after manual Apple Ads campaign/ad group creation.
TIVZ_KZ_SR_EXACT_W1,Kazakhstan,RU_PROFESSIONS_EXACT,CREATE,,приложение для барбера,EXACT,ACTIVE,$0.18,,,Fill Campaign ID and Ad Group ID after manual Apple Ads campaign/ad group creation.
TIVZ_KZ_SR_EXACT_W1,Kazakhstan,RU_PROFESSIONS_EXACT,CREATE,,календарь барбера,EXACT,ACTIVE,$0.18,,,Fill Campaign ID and Ad Group ID after manual Apple Ads campaign/ad group creation.
TIVZ_KZ_SR_EXACT_W1,Kazakhstan,RU_PROFESSIONS_EXACT,CREATE,,запись клиентов барбер,EXACT,ACTIVE,$0.18,,,Fill Campaign ID and Ad Group ID after manual Apple Ads campaign/ad group creation.
TIVZ_KZ_SR_EXACT_W1,Kazakhstan,RU_PROFESSIONS_EXACT,CREATE,,программа для барбера,EXACT,ACTIVE,$0.18,,,Fill Campaign ID and Ad Group ID after manual Apple Ads campaign/ad group creation.
TIVZ_KZ_SR_EXACT_W1,Kazakhstan,RU_PROFESSIONS_EXACT,CREATE,,приложение для косметолога,EXACT,ACTIVE,$0.18,,,Fill Campaign ID and Ad Group ID after manual Apple Ads campaign/ad group creation.
TIVZ_KZ_SR_EXACT_W1,Kazakhstan,RU_PROFESSIONS_EXACT,CREATE,,календарь косметолога,EXACT,ACTIVE,$0.18,,,Fill Campaign ID and Ad Group ID after manual Apple Ads campaign/ad group creation.
TIVZ_KZ_SR_EXACT_W1,Kazakhstan,RU_PROFESSIONS_EXACT,CREATE,,запись клиентов косметолог,EXACT,ACTIVE,$0.18,,,Fill Campaign ID and Ad Group ID after manual Apple Ads campaign/ad group creation.
TIVZ_KZ_SR_EXACT_W1,Kazakhstan,RU_PROFESSIONS_EXACT,CREATE,,программа для косметолога,EXACT,ACTIVE,$0.18,,,Fill Campaign ID and Ad Group ID after manual Apple Ads campaign/ad group creation.
TIVZ_KZ_SR_EXACT_W1,Kazakhstan,RU_PROFESSIONS_EXACT,CREATE,,приложение для массажиста,EXACT,ACTIVE,$0.18,,,Fill Campaign ID and Ad Group ID after manual Apple Ads campaign/ad group creation.
TIVZ_KZ_SR_EXACT_W1,Kazakhstan,RU_PROFESSIONS_EXACT,CREATE,,календарь массажиста,EXACT,ACTIVE,$0.18,,,Fill Campaign ID and Ad Group ID after manual Apple Ads campaign/ad group creation.
TIVZ_KZ_SR_EXACT_W1,Kazakhstan,RU_PROFESSIONS_EXACT,CREATE,,запись клиентов массажист,EXACT,ACTIVE,$0.18,,,Fill Campaign ID and Ad Group ID after manual Apple Ads campaign/ad group creation.
TIVZ_KZ_SR_EXACT_W1,Kazakhstan,RU_PROFESSIONS_EXACT,CREATE,,программа для массажиста,EXACT,ACTIVE,$0.18,,,Fill Campaign ID and Ad Group ID after manual Apple Ads campaign/ad group creation.
TIVZ_KZ_SR_EXACT_W1,Kazakhstan,RU_PROFESSIONS_EXACT,CREATE,,приложение для бровиста,EXACT,ACTIVE,$0.18,,,Fill Campaign ID and Ad Group ID after manual Apple Ads campaign/ad group creation.
TIVZ_KZ_SR_EXACT_W1,Kazakhstan,RU_PROFESSIONS_EXACT,CREATE,,календарь бровиста,EXACT,ACTIVE,$0.18,,,Fill Campaign ID and Ad Group ID after manual Apple Ads campaign/ad group creation.
TIVZ_KZ_SR_EXACT_W1,Kazakhstan,RU_PROFESSIONS_EXACT,CREATE,,запись клиентов бровист,EXACT,ACTIVE,$0.18,,,Fill Campaign ID and Ad Group ID after manual Apple Ads campaign/ad group creation.
TIVZ_KZ_SR_EXACT_W1,Kazakhstan,RU_PROFESSIONS_EXACT,CREATE,,приложение для лешмейкера,EXACT,ACTIVE,$0.18,,,Fill Campaign ID and Ad Group ID after manual Apple Ads campaign/ad group creation.
TIVZ_KZ_SR_EXACT_W1,Kazakhstan,RU_PROFESSIONS_EXACT,CREATE,,календарь лешмейкера,EXACT,ACTIVE,$0.18,,,Fill Campaign ID and Ad Group ID after manual Apple Ads campaign/ad group creation.
TIVZ_KZ_SR_EXACT_W1,Kazakhstan,RU_PROFESSIONS_EXACT,CREATE,,запись клиентов лешмейкер,EXACT,ACTIVE,$0.18,,,Fill Campaign ID and Ad Group ID after manual Apple Ads campaign/ad group creation.
TIVZ_KZ_SR_EXACT_W1,Kazakhstan,RU_PROFESSIONS_EXACT,CREATE,,приложение для мастера депиляции,EXACT,ACTIVE,$0.18,,,Fill Campaign ID and Ad Group ID after manual Apple Ads campaign/ad group creation.
TIVZ_KZ_SR_EXACT_W1,Kazakhstan,RU_PROFESSIONS_EXACT,CREATE,,запись клиентов депиляция,EXACT,ACTIVE,$0.18,,,Fill Campaign ID and Ad Group ID after manual Apple Ads campaign/ad group creation.
TIVZ_KZ_SR_EXACT_W1,Kazakhstan,RU_PROFESSIONS_EXACT,CREATE,,календарь мастера депиляции,EXACT,ACTIVE,$0.18,,,Fill Campaign ID and Ad Group ID after manual Apple Ads campaign/ad group creation.
TIVZ_KZ_SR_EXACT_W1,Kazakhstan,RU_PROFESSIONS_EXACT,CREATE,,приложение для салона маникюра,EXACT,ACTIVE,$0.18,,,Fill Campaign ID and Ad Group ID after manual Apple Ads campaign/ad group creation.
TIVZ_KZ_SR_EXACT_W1,Kazakhstan,RU_PROFESSIONS_EXACT,CREATE,,приложение для салона красоты,EXACT,ACTIVE,$0.18,,,Fill Campaign ID and Ad Group ID after manual Apple Ads campaign/ad group creation.
TIVZ_KZ_SR_EXACT_W1,Kazakhstan,RU_PROFESSIONS_EXACT,CREATE,,календарь салона красоты,EXACT,ACTIVE,$0.18,,,Fill Campaign ID and Ad Group ID after manual Apple Ads campaign/ad group creation.
TIVZ_KZ_SR_EXACT_W1,Kazakhstan,RU_PROFESSIONS_EXACT,CREATE,,программа для салона красоты,EXACT,ACTIVE,$0.18,,,Fill Campaign ID and Ad Group ID after manual Apple Ads campaign/ad group creation.
TIVZ_KZ_SR_EXACT_W1,Kazakhstan,RU_PROFESSIONS_EXACT,CREATE,,запись клиентов салон красоты,EXACT,ACTIVE,$0.18,,,Fill Campaign ID and Ad Group ID after manual Apple Ads campaign/ad group creation.
TIVZ_KZ_SR_EXACT_W1,Kazakhstan,BRAND_EXACT,CREATE,,timviz,EXACT,ACTIVE,$0.10,,,Fill Campaign ID and Ad Group ID after manual Apple Ads campaign/ad group creation.
TIVZ_KZ_SR_EXACT_W1,Kazakhstan,BRAND_EXACT,CREATE,,timviz master,EXACT,ACTIVE,$0.10,,,Fill Campaign ID and Ad Group ID after manual Apple Ads campaign/ad group creation.
TIVZ_KZ_SR_EXACT_W1,Kazakhstan,BRAND_EXACT,CREATE,,tim viz,EXACT,ACTIVE,$0.10,,,Fill Campaign ID and Ad Group ID after manual Apple Ads campaign/ad group creation.
TIVZ_KZ_SR_EXACT_W1,Kazakhstan,BRAND_EXACT,CREATE,,timvis,EXACT,ACTIVE,$0.10,,,Fill Campaign ID and Ad Group ID after manual Apple Ads campaign/ad group creation.
TIVZ_KZ_SR_EXACT_W1,Kazakhstan,BRAND_EXACT,CREATE,,tymviz,EXACT,ACTIVE,$0.10,,,Fill Campaign ID and Ad Group ID after manual Apple Ads campaign/ad group creation.
TIVZ_KZ_SR_EXACT_W1,Kazakhstan,BRAND_EXACT,CREATE,,тимвиз,EXACT,ACTIVE,$0.10,,,Fill Campaign ID and Ad Group ID after manual Apple Ads campaign/ad group creation.
TIVZ_KZ_SR_EXACT_W1,Kazakhstan,BRAND_EXACT,CREATE,,тімвіз,EXACT,ACTIVE,$0.10,,,Fill Campaign ID and Ad Group ID after manual Apple Ads campaign/ad group creation.
TIVZ_KZ_SR_EXACT_W1,Kazakhstan,BRAND_EXACT,CREATE,,тимвіз мастер,EXACT,ACTIVE,$0.10,,,Fill Campaign ID and Ad Group ID after manual Apple Ads campaign/ad group creation.
TIVZ_KZ_SR_EXACT_W1,Kazakhstan,BRAND_EXACT,CREATE,,timviz app,EXACT,ACTIVE,$0.10,,,Fill Campaign ID and Ad Group ID after manual Apple Ads campaign/ad group creation.
TIVZ_KZ_SR_EXACT_W1,Kazakhstan,BRAND_EXACT,CREATE,,timviz booking,EXACT,ACTIVE,$0.10,,,Fill Campaign ID and Ad Group ID after manual Apple Ads campaign/ad group creation.
TIVZ_KZ_SR_EXACT_W1,Kazakhstan,BRAND_EXACT,CREATE,,timviz calendar,EXACT,ACTIVE,$0.10,,,Fill Campaign ID and Ad Group ID after manual Apple Ads campaign/ad group creation.
TIVZ_PL_SR_EXACT_W1,Poland,PL_CORE_EXACT,CREATE,,aplikacja do umawiania wizyt,EXACT,ACTIVE,$0.30,,,Fill Campaign ID and Ad Group ID after manual Apple Ads campaign/ad group creation.
TIVZ_PL_SR_EXACT_W1,Poland,PL_CORE_EXACT,CREATE,,aplikacja do rezerwacji wizyt,EXACT,ACTIVE,$0.30,,,Fill Campaign ID and Ad Group ID after manual Apple Ads campaign/ad group creation.
TIVZ_PL_SR_EXACT_W1,Poland,PL_CORE_EXACT,CREATE,,program do umawiania wizyt,EXACT,ACTIVE,$0.30,,,Fill Campaign ID and Ad Group ID after manual Apple Ads campaign/ad group creation.
TIVZ_PL_SR_EXACT_W1,Poland,PL_CORE_EXACT,CREATE,,program do rezerwacji wizyt,EXACT,ACTIVE,$0.30,,,Fill Campaign ID and Ad Group ID after manual Apple Ads campaign/ad group creation.
TIVZ_PL_SR_EXACT_W1,Poland,PL_CORE_EXACT,CREATE,,system rezerwacji wizyt,EXACT,ACTIVE,$0.30,,,Fill Campaign ID and Ad Group ID after manual Apple Ads campaign/ad group creation.
TIVZ_PL_SR_EXACT_W1,Poland,PL_CORE_EXACT,CREATE,,system umawiania wizyt,EXACT,ACTIVE,$0.30,,,Fill Campaign ID and Ad Group ID after manual Apple Ads campaign/ad group creation.
TIVZ_PL_SR_EXACT_W1,Poland,PL_CORE_EXACT,CREATE,,kalendarz wizyt,EXACT,ACTIVE,$0.30,,,Fill Campaign ID and Ad Group ID after manual Apple Ads campaign/ad group creation.
TIVZ_PL_SR_EXACT_W1,Poland,PL_CORE_EXACT,CREATE,,kalendarz rezerwacji,EXACT,ACTIVE,$0.30,,,Fill Campaign ID and Ad Group ID after manual Apple Ads campaign/ad group creation.
TIVZ_PL_SR_EXACT_W1,Poland,PL_CORE_EXACT,CREATE,,kalendarz dla klientów,EXACT,ACTIVE,$0.30,,,Fill Campaign ID and Ad Group ID after manual Apple Ads campaign/ad group creation.
TIVZ_PL_SR_EXACT_W1,Poland,PL_CORE_EXACT,CREATE,,terminarz wizyt,EXACT,ACTIVE,$0.30,,,Fill Campaign ID and Ad Group ID after manual Apple Ads campaign/ad group creation.
TIVZ_PL_SR_EXACT_W1,Poland,PL_CORE_EXACT,CREATE,,harmonogram wizyt,EXACT,ACTIVE,$0.30,,,Fill Campaign ID and Ad Group ID after manual Apple Ads campaign/ad group creation.
TIVZ_PL_SR_EXACT_W1,Poland,PL_CORE_EXACT,CREATE,,grafik wizyt,EXACT,ACTIVE,$0.30,,,Fill Campaign ID and Ad Group ID after manual Apple Ads campaign/ad group creation.
TIVZ_PL_SR_EXACT_W1,Poland,PL_CORE_EXACT,CREATE,,rezerwacja klientów,EXACT,ACTIVE,$0.30,,,Fill Campaign ID and Ad Group ID after manual Apple Ads campaign/ad group creation.
TIVZ_PL_SR_EXACT_W1,Poland,PL_CORE_EXACT,CREATE,,zapisy klientów,EXACT,ACTIVE,$0.30,,,Fill Campaign ID and Ad Group ID after manual Apple Ads campaign/ad group creation.
TIVZ_PL_SR_EXACT_W1,Poland,PL_CORE_EXACT,CREATE,,aplikacja do zapisów klientów,EXACT,ACTIVE,$0.30,,,Fill Campaign ID and Ad Group ID after manual Apple Ads campaign/ad group creation.
TIVZ_PL_SR_EXACT_W1,Poland,PL_CORE_EXACT,CREATE,,program do zapisów klientów,EXACT,ACTIVE,$0.30,,,Fill Campaign ID and Ad Group ID after manual Apple Ads campaign/ad group creation.
TIVZ_PL_SR_EXACT_W1,Poland,PL_CORE_EXACT,CREATE,,zarządzanie wizytami,EXACT,ACTIVE,$0.30,,,Fill Campaign ID and Ad Group ID after manual Apple Ads campaign/ad group creation.
TIVZ_PL_SR_EXACT_W1,Poland,PL_CORE_EXACT,CREATE,,zarządzanie klientami,EXACT,ACTIVE,$0.30,,,Fill Campaign ID and Ad Group ID after manual Apple Ads campaign/ad group creation.
TIVZ_PL_SR_EXACT_W1,Poland,PL_CORE_EXACT,CREATE,,baza klientów,EXACT,ACTIVE,$0.30,,,Fill Campaign ID and Ad Group ID after manual Apple Ads campaign/ad group creation.
TIVZ_PL_SR_EXACT_W1,Poland,PL_CORE_EXACT,CREATE,,crm dla salonu,EXACT,ACTIVE,$0.30,,,Fill Campaign ID and Ad Group ID after manual Apple Ads campaign/ad group creation.
TIVZ_PL_SR_EXACT_W1,Poland,PL_CORE_EXACT,CREATE,,crm dla salonu kosmetycznego,EXACT,ACTIVE,$0.30,,,Fill Campaign ID and Ad Group ID after manual Apple Ads campaign/ad group creation.
TIVZ_PL_SR_EXACT_W1,Poland,PL_CORE_EXACT,CREATE,,program dla salonu kosmetycznego,EXACT,ACTIVE,$0.30,,,Fill Campaign ID and Ad Group ID after manual Apple Ads campaign/ad group creation.
TIVZ_PL_SR_EXACT_W1,Poland,PL_CORE_EXACT,CREATE,,aplikacja dla salonu kosmetycznego,EXACT,ACTIVE,$0.30,,,Fill Campaign ID and Ad Group ID after manual Apple Ads campaign/ad group creation.
TIVZ_PL_SR_EXACT_W1,Poland,PL_CORE_EXACT,CREATE,,system rezerwacji dla salonu,EXACT,ACTIVE,$0.30,,,Fill Campaign ID and Ad Group ID after manual Apple Ads campaign/ad group creation.
TIVZ_PL_SR_EXACT_W1,Poland,PL_CORE_EXACT,CREATE,,rezerwacje online dla salonu,EXACT,ACTIVE,$0.30,,,Fill Campaign ID and Ad Group ID after manual Apple Ads campaign/ad group creation.
TIVZ_PL_SR_EXACT_W1,Poland,PL_CORE_EXACT,CREATE,,kalendarz salonu,EXACT,ACTIVE,$0.30,,,Fill Campaign ID and Ad Group ID after manual Apple Ads campaign/ad group creation.
TIVZ_PL_SR_EXACT_W1,Poland,PL_CORE_EXACT,CREATE,,grafik salonu,EXACT,ACTIVE,$0.30,,,Fill Campaign ID and Ad Group ID after manual Apple Ads campaign/ad group creation.
TIVZ_PL_SR_EXACT_W1,Poland,PL_CORE_EXACT,CREATE,,terminarz salonu,EXACT,ACTIVE,$0.30,,,Fill Campaign ID and Ad Group ID after manual Apple Ads campaign/ad group creation.
TIVZ_PL_SR_EXACT_W1,Poland,PL_CORE_EXACT,CREATE,,usługi i wizyty,EXACT,ACTIVE,$0.30,,,Fill Campaign ID and Ad Group ID after manual Apple Ads campaign/ad group creation.
TIVZ_PL_SR_EXACT_W1,Poland,PL_CORE_EXACT,CREATE,,cennik i wizyty,EXACT,ACTIVE,$0.30,,,Fill Campaign ID and Ad Group ID after manual Apple Ads campaign/ad group creation.
TIVZ_PL_SR_EXACT_W1,Poland,PL_CORE_EXACT,CREATE,,system umawiania klientów,EXACT,ACTIVE,$0.30,,,Fill Campaign ID and Ad Group ID after manual Apple Ads campaign/ad group creation.
TIVZ_PL_SR_EXACT_W1,Poland,PL_CORE_EXACT,CREATE,,kalendarz pracy,EXACT,ACTIVE,$0.30,,,Fill Campaign ID and Ad Group ID after manual Apple Ads campaign/ad group creation.
TIVZ_PL_SR_EXACT_W1,Poland,PL_CORE_EXACT,CREATE,,aplikacja dla usług,EXACT,ACTIVE,$0.30,,,Fill Campaign ID and Ad Group ID after manual Apple Ads campaign/ad group creation.
TIVZ_PL_SR_EXACT_W1,Poland,PL_CORE_EXACT,CREATE,,program dla usług,EXACT,ACTIVE,$0.30,,,Fill Campaign ID and Ad Group ID after manual Apple Ads campaign/ad group creation.
TIVZ_PL_SR_EXACT_W1,Poland,PL_CORE_EXACT,CREATE,,automatyzacja salonu,EXACT,ACTIVE,$0.30,,,Fill Campaign ID and Ad Group ID after manual Apple Ads campaign/ad group creation.
TIVZ_PL_SR_EXACT_W1,Poland,PL_CORE_EXACT,CREATE,,system zapisów klientów,EXACT,ACTIVE,$0.30,,,Fill Campaign ID and Ad Group ID after manual Apple Ads campaign/ad group creation.
TIVZ_PL_SR_EXACT_W1,Poland,PL_CORE_EXACT,CREATE,,aplikacja do obsługi klientów,EXACT,ACTIVE,$0.30,,,Fill Campaign ID and Ad Group ID after manual Apple Ads campaign/ad group creation.
TIVZ_PL_SR_EXACT_W1,Poland,PL_CORE_EXACT,CREATE,,program do obsługi klientów,EXACT,ACTIVE,$0.30,,,Fill Campaign ID and Ad Group ID after manual Apple Ads campaign/ad group creation.
TIVZ_PL_SR_EXACT_W1,Poland,PL_CORE_EXACT,CREATE,,kalendarz dla biznesu,EXACT,ACTIVE,$0.30,,,Fill Campaign ID and Ad Group ID after manual Apple Ads campaign/ad group creation.
TIVZ_PL_SR_EXACT_W1,Poland,PL_CORE_EXACT,CREATE,,rezerwacje klientów online,EXACT,ACTIVE,$0.30,,,Fill Campaign ID and Ad Group ID after manual Apple Ads campaign/ad group creation.
TIVZ_PL_SR_EXACT_W1,Poland,PL_PROFESSIONS_EXACT,CREATE,,aplikacja dla stylistki paznokci,EXACT,ACTIVE,$0.25,,,Fill Campaign ID and Ad Group ID after manual Apple Ads campaign/ad group creation.
TIVZ_PL_SR_EXACT_W1,Poland,PL_PROFESSIONS_EXACT,CREATE,,kalendarz stylistki paznokci,EXACT,ACTIVE,$0.25,,,Fill Campaign ID and Ad Group ID after manual Apple Ads campaign/ad group creation.
TIVZ_PL_SR_EXACT_W1,Poland,PL_PROFESSIONS_EXACT,CREATE,,zapisy klientek paznokcie,EXACT,ACTIVE,$0.25,,,Fill Campaign ID and Ad Group ID after manual Apple Ads campaign/ad group creation.
TIVZ_PL_SR_EXACT_W1,Poland,PL_PROFESSIONS_EXACT,CREATE,,program dla stylistki paznokci,EXACT,ACTIVE,$0.25,,,Fill Campaign ID and Ad Group ID after manual Apple Ads campaign/ad group creation.
TIVZ_PL_SR_EXACT_W1,Poland,PL_PROFESSIONS_EXACT,CREATE,,crm dla stylistki paznokci,EXACT,ACTIVE,$0.25,,,Fill Campaign ID and Ad Group ID after manual Apple Ads campaign/ad group creation.
TIVZ_PL_SR_EXACT_W1,Poland,PL_PROFESSIONS_EXACT,CREATE,,aplikacja dla kosmetyczki,EXACT,ACTIVE,$0.25,,,Fill Campaign ID and Ad Group ID after manual Apple Ads campaign/ad group creation.
TIVZ_PL_SR_EXACT_W1,Poland,PL_PROFESSIONS_EXACT,CREATE,,kalendarz kosmetyczki,EXACT,ACTIVE,$0.25,,,Fill Campaign ID and Ad Group ID after manual Apple Ads campaign/ad group creation.
TIVZ_PL_SR_EXACT_W1,Poland,PL_PROFESSIONS_EXACT,CREATE,,zapisy klientów kosmetyczka,EXACT,ACTIVE,$0.25,,,Fill Campaign ID and Ad Group ID after manual Apple Ads campaign/ad group creation.
TIVZ_PL_SR_EXACT_W1,Poland,PL_PROFESSIONS_EXACT,CREATE,,program dla kosmetyczki,EXACT,ACTIVE,$0.25,,,Fill Campaign ID and Ad Group ID after manual Apple Ads campaign/ad group creation.
TIVZ_PL_SR_EXACT_W1,Poland,PL_PROFESSIONS_EXACT,CREATE,,aplikacja dla fryzjera,EXACT,ACTIVE,$0.25,,,Fill Campaign ID and Ad Group ID after manual Apple Ads campaign/ad group creation.
TIVZ_PL_SR_EXACT_W1,Poland,PL_PROFESSIONS_EXACT,CREATE,,kalendarz fryzjera,EXACT,ACTIVE,$0.25,,,Fill Campaign ID and Ad Group ID after manual Apple Ads campaign/ad group creation.
TIVZ_PL_SR_EXACT_W1,Poland,PL_PROFESSIONS_EXACT,CREATE,,zapisy klientów fryzjer,EXACT,ACTIVE,$0.25,,,Fill Campaign ID and Ad Group ID after manual Apple Ads campaign/ad group creation.
TIVZ_PL_SR_EXACT_W1,Poland,PL_PROFESSIONS_EXACT,CREATE,,program dla fryzjera,EXACT,ACTIVE,$0.25,,,Fill Campaign ID and Ad Group ID after manual Apple Ads campaign/ad group creation.
TIVZ_PL_SR_EXACT_W1,Poland,PL_PROFESSIONS_EXACT,CREATE,,aplikacja dla barbera,EXACT,ACTIVE,$0.25,,,Fill Campaign ID and Ad Group ID after manual Apple Ads campaign/ad group creation.
TIVZ_PL_SR_EXACT_W1,Poland,PL_PROFESSIONS_EXACT,CREATE,,kalendarz barbera,EXACT,ACTIVE,$0.25,,,Fill Campaign ID and Ad Group ID after manual Apple Ads campaign/ad group creation.
TIVZ_PL_SR_EXACT_W1,Poland,PL_PROFESSIONS_EXACT,CREATE,,zapisy klientów barber,EXACT,ACTIVE,$0.25,,,Fill Campaign ID and Ad Group ID after manual Apple Ads campaign/ad group creation.
TIVZ_PL_SR_EXACT_W1,Poland,PL_PROFESSIONS_EXACT,CREATE,,program dla barbera,EXACT,ACTIVE,$0.25,,,Fill Campaign ID and Ad Group ID after manual Apple Ads campaign/ad group creation.
TIVZ_PL_SR_EXACT_W1,Poland,PL_PROFESSIONS_EXACT,CREATE,,aplikacja dla masażysty,EXACT,ACTIVE,$0.25,,,Fill Campaign ID and Ad Group ID after manual Apple Ads campaign/ad group creation.
TIVZ_PL_SR_EXACT_W1,Poland,PL_PROFESSIONS_EXACT,CREATE,,kalendarz masażysty,EXACT,ACTIVE,$0.25,,,Fill Campaign ID and Ad Group ID after manual Apple Ads campaign/ad group creation.
TIVZ_PL_SR_EXACT_W1,Poland,PL_PROFESSIONS_EXACT,CREATE,,zapisy klientów masażysta,EXACT,ACTIVE,$0.25,,,Fill Campaign ID and Ad Group ID after manual Apple Ads campaign/ad group creation.
TIVZ_PL_SR_EXACT_W1,Poland,PL_PROFESSIONS_EXACT,CREATE,,program dla masażysty,EXACT,ACTIVE,$0.25,,,Fill Campaign ID and Ad Group ID after manual Apple Ads campaign/ad group creation.
TIVZ_PL_SR_EXACT_W1,Poland,PL_PROFESSIONS_EXACT,CREATE,,aplikacja dla salonu fryzjerskiego,EXACT,ACTIVE,$0.25,,,Fill Campaign ID and Ad Group ID after manual Apple Ads campaign/ad group creation.
TIVZ_PL_SR_EXACT_W1,Poland,PL_PROFESSIONS_EXACT,CREATE,,aplikacja dla salonu urody,EXACT,ACTIVE,$0.25,,,Fill Campaign ID and Ad Group ID after manual Apple Ads campaign/ad group creation.
TIVZ_PL_SR_EXACT_W1,Poland,PL_PROFESSIONS_EXACT,CREATE,,program dla salonu urody,EXACT,ACTIVE,$0.25,,,Fill Campaign ID and Ad Group ID after manual Apple Ads campaign/ad group creation.
TIVZ_PL_SR_EXACT_W1,Poland,PL_PROFESSIONS_EXACT,CREATE,,aplikacja dla salonu piękności,EXACT,ACTIVE,$0.25,,,Fill Campaign ID and Ad Group ID after manual Apple Ads campaign/ad group creation.
TIVZ_PL_SR_EXACT_W1,Poland,PL_PROFESSIONS_EXACT,CREATE,,program dla salonu piękności,EXACT,ACTIVE,$0.25,,,Fill Campaign ID and Ad Group ID after manual Apple Ads campaign/ad group creation.
TIVZ_PL_SR_EXACT_W1,Poland,PL_PROFESSIONS_EXACT,CREATE,,aplikacja dla stylistki rzęs,EXACT,ACTIVE,$0.25,,,Fill Campaign ID and Ad Group ID after manual Apple Ads campaign/ad group creation.
TIVZ_PL_SR_EXACT_W1,Poland,PL_PROFESSIONS_EXACT,CREATE,,kalendarz stylistki rzęs,EXACT,ACTIVE,$0.25,,,Fill Campaign ID and Ad Group ID after manual Apple Ads campaign/ad group creation.
TIVZ_PL_SR_EXACT_W1,Poland,PL_PROFESSIONS_EXACT,CREATE,,zapisy klientek rzęsy,EXACT,ACTIVE,$0.25,,,Fill Campaign ID and Ad Group ID after manual Apple Ads campaign/ad group creation.
TIVZ_PL_SR_EXACT_W1,Poland,PL_PROFESSIONS_EXACT,CREATE,,aplikacja dla makijażystki,EXACT,ACTIVE,$0.25,,,Fill Campaign ID and Ad Group ID after manual Apple Ads campaign/ad group creation.
TIVZ_PL_SR_EXACT_W1,Poland,PL_PROFESSIONS_EXACT,CREATE,,kalendarz makijażystki,EXACT,ACTIVE,$0.25,,,Fill Campaign ID and Ad Group ID after manual Apple Ads campaign/ad group creation.
TIVZ_PL_SR_EXACT_W1,Poland,PL_PROFESSIONS_EXACT,CREATE,,aplikacja dla depilacji,EXACT,ACTIVE,$0.25,,,Fill Campaign ID and Ad Group ID after manual Apple Ads campaign/ad group creation.
TIVZ_PL_SR_EXACT_W1,Poland,PL_PROFESSIONS_EXACT,CREATE,,kalendarz depilacja,EXACT,ACTIVE,$0.25,,,Fill Campaign ID and Ad Group ID after manual Apple Ads campaign/ad group creation.
TIVZ_PL_SR_EXACT_W1,Poland,PL_PROFESSIONS_EXACT,CREATE,,zapisy klientów depilacja,EXACT,ACTIVE,$0.25,,,Fill Campaign ID and Ad Group ID after manual Apple Ads campaign/ad group creation.
TIVZ_PL_SR_EXACT_W1,Poland,BRAND_EXACT,CREATE,,timviz,EXACT,ACTIVE,$0.12,,,Fill Campaign ID and Ad Group ID after manual Apple Ads campaign/ad group creation.
TIVZ_PL_SR_EXACT_W1,Poland,BRAND_EXACT,CREATE,,timviz master,EXACT,ACTIVE,$0.12,,,Fill Campaign ID and Ad Group ID after manual Apple Ads campaign/ad group creation.
TIVZ_PL_SR_EXACT_W1,Poland,BRAND_EXACT,CREATE,,tim viz,EXACT,ACTIVE,$0.12,,,Fill Campaign ID and Ad Group ID after manual Apple Ads campaign/ad group creation.
TIVZ_PL_SR_EXACT_W1,Poland,BRAND_EXACT,CREATE,,timvis,EXACT,ACTIVE,$0.12,,,Fill Campaign ID and Ad Group ID after manual Apple Ads campaign/ad group creation.
TIVZ_PL_SR_EXACT_W1,Poland,BRAND_EXACT,CREATE,,tymviz,EXACT,ACTIVE,$0.12,,,Fill Campaign ID and Ad Group ID after manual Apple Ads campaign/ad group creation.
TIVZ_PL_SR_EXACT_W1,Poland,BRAND_EXACT,CREATE,,тимвиз,EXACT,ACTIVE,$0.12,,,Fill Campaign ID and Ad Group ID after manual Apple Ads campaign/ad group creation.
TIVZ_PL_SR_EXACT_W1,Poland,BRAND_EXACT,CREATE,,тімвіз,EXACT,ACTIVE,$0.12,,,Fill Campaign ID and Ad Group ID after manual Apple Ads campaign/ad group creation.
TIVZ_PL_SR_EXACT_W1,Poland,BRAND_EXACT,CREATE,,тимвіз мастер,EXACT,ACTIVE,$0.12,,,Fill Campaign ID and Ad Group ID after manual Apple Ads campaign/ad group creation.
TIVZ_PL_SR_EXACT_W1,Poland,BRAND_EXACT,CREATE,,timviz app,EXACT,ACTIVE,$0.12,,,Fill Campaign ID and Ad Group ID after manual Apple Ads campaign/ad group creation.
TIVZ_PL_SR_EXACT_W1,Poland,BRAND_EXACT,CREATE,,timviz booking,EXACT,ACTIVE,$0.12,,,Fill Campaign ID and Ad Group ID after manual Apple Ads campaign/ad group creation.
TIVZ_PL_SR_EXACT_W1,Poland,BRAND_EXACT,CREATE,,timviz calendar,EXACT,ACTIVE,$0.12,,,Fill Campaign ID and Ad Group ID after manual Apple Ads campaign/ad group creation.
